time,waist,shoulder,elbow,wrist_angle,wrist_rotate,ee_x,ee_y,ee_z,clearance_m,nearest_arm_body,nearest_obstacle
0.0000,-0.001534,0.055223,0.124252,0.024544,0.000000,0.413036,-0.000634,0.233929,0.02684,upper_arm_link,arm_base_link
0.0201,-0.001534,0.055223,0.124252,0.024544,0.000000,0.413036,-0.000634,0.233929,0.02684,upper_arm_link,arm_base_link
0.0401,-0.001534,0.055223,0.124252,0.024544,0.000000,0.413036,-0.000634,0.233929,0.02684,upper_arm_link,arm_base_link
0.0601,0.000000,0.056757,0.124252,0.024544,0.000000,0.413234,0.000000,0.233295,0.02684,upper_arm_link,arm_base_link
0.0801,0.000000,0.055223,0.124252,0.024544,0.000000,0.413036,0.000000,0.233929,0.02683,upper_arm_link,arm_base_link
0.1001,0.001534,0.056757,0.124252,0.024544,0.000000,0.413234,0.000634,0.233295,0.02683,upper_arm_link,arm_base_link
0.1201,0.001534,0.056757,0.124252,0.024544,0.000000,0.413234,0.000634,0.233295,0.02683,upper_arm_link,arm_base_link
0.1401,0.003068,0.055223,0.124252,0.024544,0.000000,0.413035,0.001267,0.233929,0.02681,upper_arm_link,arm_base_link
0.1601,0.003068,0.055223,0.124252,0.024544,0.000000,0.413035,0.001267,0.233929,0.02681,upper_arm_link,arm_base_link
0.1801,0.004602,0.056757,0.124252,0.024544,0.000000,0.413230,0.001902,0.233295,0.02681,upper_arm_link,arm_base_link
0.2001,0.006136,0.055223,0.124252,0.024544,0.000000,0.413029,0.002534,0.233929,0.02680,upper_arm_link,arm_base_link
0.2201,0.007670,0.055223,0.124252,0.023010,0.000000,0.413073,0.003168,0.234167,0.02677,upper_arm_link,arm_base_link
0.2401,0.009204,0.055223,0.124252,0.021476,0.000000,0.413117,0.003802,0.234406,0.02677,upper_arm_link,arm_base_link
0.2601,0.010738,0.055223,0.124252,0.021476,0.000000,0.413111,0.004436,0.234406,0.02677,upper_arm_link,arm_base_link
0.2801,0.012272,0.056757,0.124252,0.019942,0.000000,0.413350,0.005073,0.234010,0.02673,upper_arm_link,arm_base_link
0.3001,0.013806,0.055223,0.124252,0.019942,0.000000,0.413143,0.005704,0.234644,0.02677,upper_arm_link,arm_base_link
0.3202,0.016874,0.055223,0.124252,0.019942,0.000000,0.413124,0.006972,0.234644,0.02670,upper_arm_link,arm_base_link
0.3401,0.018408,0.056757,0.124252,0.019942,0.000000,0.413311,0.007609,0.234010,0.02677,upper_arm_link,arm_base_link
0.3601,0.021476,0.055223,0.124252,0.019942,0.000000,0.413087,0.008873,0.234644,0.02674,upper_arm_link,arm_base_link
0.3802,0.024544,0.056757,0.124252,0.019942,0.000000,0.413257,0.010145,0.234010,0.02674,upper_arm_link,arm_base_link
0.4002,0.027612,0.055223,0.124252,0.018408,0.000000,0.413073,0.011409,0.234883,0.02672,upper_arm_link,arm_base_link
0.4202,0.029146,0.056757,0.124252,0.018408,0.000000,0.413254,0.012048,0.234249,0.02672,upper_arm_link,arm_base_link
0.4401,0.032214,0.055223,0.124252,0.016874,0.000000,0.413064,0.013311,0.235121,0.02670,upper_arm_link,arm_base_link
0.4601,0.033748,0.056757,0.122718,0.016874,0.000000,0.413345,0.013955,0.235027,0.02669,upper_arm_link,arm_base_link
0.4802,0.035282,0.055223,0.122718,0.015340,0.000000,0.413170,0.014583,0.235900,0.02665,upper_arm_link,arm_base_link
0.5002,0.038350,0.055223,0.122718,0.015340,0.000000,0.413123,0.015851,0.235900,0.02666,upper_arm_link,arm_base_link
0.5202,0.039884,0.055223,0.122718,0.013806,0.000000,0.413145,0.016486,0.236139,0.02667,upper_arm_link,arm_base_link
0.5401,0.041417,0.056757,0.122718,0.013806,0.000000,0.413320,0.017128,0.235505,0.02669,upper_arm_link,arm_base_link
0.5601,0.044485,0.055223,0.122718,0.012272,0.000000,0.413111,0.018390,0.236378,0.02669,upper_arm_link,arm_base_link
0.5801,0.044485,0.056757,0.122718,0.012272,0.000000,0.413312,0.018398,0.235743,0.02670,upper_arm_link,arm_base_link
0.6002,0.047553,0.055223,0.124252,0.012272,0.000000,0.412952,0.019652,0.235837,0.02671,upper_arm_link,arm_base_link
0.6202,0.049087,0.055223,0.122718,0.012272,0.000000,0.413022,0.020290,0.236378,0.02672,upper_arm_link,arm_base_link
0.6401,0.050621,0.055223,0.124252,0.012272,0.000000,0.412889,0.020919,0.235837,0.02664,upper_arm_link,arm_base_link
0.6601,0.052155,0.055223,0.122718,0.012272,0.000000,0.412957,0.021557,0.236378,0.02664,upper_arm_link,arm_base_link
0.6801,0.053689,0.056757,0.122718,0.012272,0.000000,0.413125,0.022202,0.235743,0.02661,upper_arm_link,arm_base_link
0.7002,0.056757,0.056757,0.122718,0.012272,0.000000,0.413055,0.023469,0.235743,0.02662,upper_arm_link,arm_base_link
0.7202,0.058291,0.055223,0.122718,0.012272,0.000000,0.412817,0.024091,0.236378,0.02662,upper_arm_link,arm_base_link
0.7401,0.059825,0.055223,0.122718,0.010738,0.000000,0.412826,0.024727,0.236617,0.02663,upper_arm_link,arm_base_link
0.7601,0.061359,0.055223,0.122718,0.009204,0.000000,0.412833,0.025363,0.236856,0.02659,upper_arm_link,arm_base_link
0.7802,0.062893,0.055223,0.122718,0.009204,0.000000,0.412793,0.025996,0.236856,0.02662,upper_arm_link,arm_base_link
0.8002,0.064427,0.055223,0.122718,0.009204,0.000000,0.412753,0.026629,0.236856,0.02663,upper_arm_link,arm_base_link
0.8202,0.067495,0.056757,0.122718,0.007670,0.000000,0.412916,0.027912,0.236460,0.02660,upper_arm_link,arm_base_link
0.8401,0.069029,0.055223,0.122718,0.007670,0.000000,0.412671,0.028532,0.237095,0.02659,upper_arm_link,arm_base_link
0.8601,0.070563,0.056757,0.119651,0.007670,0.000000,0.413026,0.029193,0.237542,0.02661,upper_arm_link,arm_base_link
0.8801,0.073631,0.056757,0.118117,0.007670,0.000000,0.413033,0.030467,0.238083,0.02656,upper_arm_link,arm_base_link
0.9002,0.075165,0.055223,0.115049,0.006136,0.000000,0.413015,0.031103,0.240041,0.02662,upper_arm_link,arm_base_link
0.9201,0.076699,0.056757,0.110447,0.006136,0.000000,0.413455,0.031774,0.241032,0.02655,upper_arm_link,arm_base_link
0.9401,0.078233,0.056757,0.107379,0.004602,0.000000,0.413631,0.032426,0.242356,0.02656,upper_arm_link,arm_base_link
0.9601,0.081301,0.055223,0.102777,0.004602,0.000000,0.413584,0.033699,0.244621,0.02658,upper_arm_link,arm_base_link
0.9801,0.082835,0.055223,0.099709,0.003068,0.000000,0.413743,0.034351,0.245947,0.02660,upper_arm_link,arm_base_link
1.0002,0.084369,0.056757,0.095107,0.003068,0.000000,0.414160,0.035025,0.246940,0.02652,upper_arm_link,arm_base_link
1.0202,0.085903,0.056757,0.092039,0.003068,0.000000,0.414272,0.035675,0.248028,0.02654,upper_arm_link,arm_base_link
1.0401,0.087437,0.056757,0.088971,0.001534,0.000000,0.414414,0.036328,0.249356,0.02655,upper_arm_link,arm_base_link
1.0601,0.088971,0.055223,0.087437,0.001534,0.000000,0.414216,0.036951,0.250539,0.02655,upper_arm_link,arm_base_link
1.0801,0.090505,0.055223,0.085903,0.001534,0.000000,0.414236,0.037593,0.251083,0.02657,upper_arm_link,arm_base_link
1.1003,0.093573,0.055223,0.085903,0.000000,0.000000,0.414153,0.038867,0.251324,0.02661,upper_arm_link,arm_base_link
1.1202,0.095107,0.055223,0.085903,0.000000,0.000000,0.414093,0.039502,0.251324,0.02654,upper_arm_link,arm_base_link
1.1402,0.096641,0.056757,0.085903,0.000000,0.000000,0.414255,0.040159,0.250686,0.02650,upper_arm_link,arm_base_link
1.1602,0.098175,0.055223,0.085903,0.000000,0.000000,0.413970,0.040772,0.251324,0.02653,upper_arm_link,arm_base_link
1.1802,0.099709,0.056757,0.085903,0.000000,0.000000,0.414130,0.041430,0.250686,0.02649,upper_arm_link,arm_base_link
1.2001,0.101243,0.055223,0.085903,0.000000,0.000000,0.413843,0.042042,0.251324,0.02656,upper_arm_link,arm_base_link
1.2201,0.102777,0.056757,0.085903,-0.001534,0.000000,0.414035,0.042704,0.250926,0.02656,upper_arm_link,arm_base_link
1.2401,0.104311,0.056757,0.085903,-0.001534,0.000000,0.413969,0.043339,0.250926,0.02655,upper_arm_link,arm_base_link
1.2601,0.105845,0.056757,0.085903,-0.003068,0.000000,0.413936,0.043977,0.251167,0.02654,upper_arm_link,arm_base_link
1.2801,0.107379,0.055223,0.085903,-0.003068,0.000000,0.413644,0.044588,0.251806,0.02653,upper_arm_link,arm_base_link
1.3001,0.108913,0.055223,0.085903,-0.004602,0.000000,0.413609,0.045226,0.252047,0.02652,upper_arm_link,arm_base_link
1.3201,0.110447,0.055223,0.085903,-0.004602,0.000000,0.413539,0.045861,0.252047,0.02651,upper_arm_link,arm_base_link
1.3401,0.111981,0.056757,0.085903,-0.006136,0.000000,0.413725,0.046524,0.251649,0.02653,upper_arm_link,arm_base_link
1.3601,0.113515,0.055223,0.085903,-0.006136,0.000000,0.413429,0.047133,0.252288,0.02651,upper_arm_link,arm_base_link
1.3802,0.115049,0.055223,0.085903,-0.006136,0.000000,0.413356,0.047767,0.252288,0.02651,upper_arm_link,arm_base_link
1.4001,0.116583,0.055223,0.085903,-0.006136,0.000000,0.413282,0.048401,0.252288,0.02650,upper_arm_link,arm_base_link
1.4201,0.119651,0.055223,0.085903,-0.006136,0.000000,0.413132,0.049669,0.252288,0.02648,upper_arm_link,arm_base_link
1.4401,0.121184,0.056757,0.085903,-0.007670,0.000000,0.413312,0.050334,0.251890,0.02648,upper_arm_link,arm_base_link
1.4601,0.122718,0.055223,0.085903,-0.009204,0.000000,0.413042,0.050944,0.252770,0.02647,upper_arm_link,arm_base_link
1.4801,0.125786,0.056757,0.081301,-0.009204,0.000000,0.413331,0.052267,0.253766,0.02648,upper_arm_link,arm_base_link
1.5001,0.127320,0.056757,0.076699,-0.009204,0.000000,0.413465,0.052929,0.255402,0.02648,upper_arm_link,arm_base_link
1.5201,0.128854,0.056757,0.070563,-0.009204,0.000000,0.413658,0.053599,0.257584,0.02647,upper_arm_link,arm_base_link
1.5401,0.130388,0.056757,0.062893,-0.009204,0.000000,0.413900,0.054276,0.260315,0.02646,upper_arm_link,arm_base_link
1.5601,0.133456,0.055223,0.055223,-0.010738,0.000000,0.413819,0.055557,0.263931,0.02644,upper_arm_link,arm_base_link
1.5801,0.134990,0.056757,0.046019,-0.013806,0.000000,0.414353,0.056276,0.267057,0.02644,upper_arm_link,arm_base_link
1.6001,0.136524,0.056757,0.038350,-0.015340,0.000000,0.414538,0.056949,0.270038,0.02643,upper_arm_link,arm_base_link
1.6201,0.138058,0.055223,0.032214,-0.016874,0.000000,0.414398,0.057577,0.273115,0.02642,upper_arm_link,arm_base_link
1.6401,0.141126,0.055223,0.027612,-0.019942,0.000000,0.414378,0.058871,0.275246,0.02640,upper_arm_link,arm_base_link
1.6602,0.142660,0.056757,0.023010,-0.019942,0.000000,0.414665,0.059561,0.276249,0.02651,upper_arm_link,arm_base_link
1.6801,0.144194,0.056757,0.018408,-0.021476,0.000000,0.414698,0.060215,0.278138,0.02651,upper_arm_link,arm_base_link
1.7002,0.145728,0.056757,0.016874,-0.023010,0.000000,0.414653,0.060858,0.278930,0.02646,upper_arm_link,arm_base_link
1.7202,0.150330,0.056757,0.013806,-0.023010,0.000000,0.414435,0.062776,0.280028,0.02647,upper_arm_link,arm_base_link
1.7401,0.151864,0.056757,0.012272,-0.024544,0.000000,0.414382,0.063418,0.280820,0.02647,upper_arm_link,arm_base_link
1.7601,0.153398,0.058291,0.010738,-0.024544,0.000000,0.414582,0.064100,0.280726,0.02642,upper_arm_link,arm_base_link
1.7801,0.156466,0.058291,0.009204,-0.026078,0.000000,0.414425,0.065378,0.281518,0.02641,upper_arm_link,arm_base_link
1.8001,0.158000,0.059825,0.009204,-0.027612,0.000000,0.414602,0.066058,0.281117,0.02642,upper_arm_link,arm_base_link
1.8201,0.159534,0.061359,0.007670,-0.029146,0.000000,0.414807,0.066743,0.281265,0.02642,upper_arm_link,arm_base_link
1.8401,0.161068,0.064427,0.007670,-0.029146,0.000000,0.415237,0.067466,0.279975,0.02640,upper_arm_link,arm_base_link
1.8601,0.164136,0.065961,0.006136,-0.030680,0.000000,0.415335,0.068790,0.280122,0.02639,upper_arm_link,arm_base_link
1.8801,0.165670,0.067495,0.007670,-0.030680,0.000000,0.415461,0.069466,0.278927,0.02639,upper_arm_link,arm_base_link
1.9001,0.167204,0.069029,0.007670,-0.032214,0.000000,0.415628,0.070150,0.278523,0.02642,upper_arm_link,arm_base_link
1.9201,0.168738,0.070563,0.007670,-0.032214,0.000000,0.415782,0.070832,0.277876,0.02644,upper_arm_link,arm_base_link
1.9401,0.170272,0.072097,0.007670,-0.033748,0.000000,0.415945,0.071516,0.277472,0.02642,upper_arm_link,arm_base_link
1.9602,0.171806,0.073631,0.007670,-0.033748,0.000000,0.416095,0.072199,0.276825,0.02641,upper_arm_link,arm_base_link
1.9802,0.174874,0.075165,0.006136,-0.035282,0.000000,0.416179,0.073530,0.276968,0.02641,upper_arm_link,arm_base_link
2.0002,0.176408,0.075165,0.004602,-0.036816,0.000000,0.416111,0.074176,0.277760,0.02640,upper_arm_link,arm_base_link
2.0201,0.177942,0.076699,0.003068,-0.036816,0.000000,0.416292,0.074868,0.277660,0.02642,upper_arm_link,arm_base_link
2.0402,0.179476,0.076699,0.000000,-0.038350,0.000000,0.416253,0.075520,0.279001,0.02645,upper_arm_link,arm_base_link
2.0601,0.181010,0.076699,-0.003068,-0.038350,0.000000,0.416200,0.076170,0.280099,0.02644,upper_arm_link,arm_base_link
2.0801,0.182544,0.078233,-0.009204,-0.039884,0.000000,0.416472,0.076880,0.281890,0.02641,upper_arm_link,arm_base_link
2.1001,0.184078,0.078233,-0.013806,-0.041417,0.000000,0.416439,0.077535,0.283781,0.02644,upper_arm_link,arm_base_link
2.1201,0.185612,0.078233,-0.018408,-0.041417,0.000000,0.416391,0.078187,0.285429,0.02644,upper_arm_link,arm_base_link
2.1401,0.188680,0.079767,-0.024544,-0.044485,0.000000,0.416513,0.079534,0.287463,0.02648,upper_arm_link,arm_base_link
2.1601,0.190214,0.079767,-0.030680,-0.044485,0.000000,0.416461,0.080186,0.289662,0.02648,upper_arm_link,arm_base_link
2.1801,0.191748,0.079767,-0.035282,-0.046019,0.000000,0.416381,0.080833,0.291554,0.02647,upper_arm_link,arm_base_link
2.2001,0.193282,0.082835,-0.039884,-0.047553,0.000000,0.416856,0.081589,0.292144,0.02636,upper_arm_link,arm_base_link
2.2202,0.196350,0.082835,-0.044485,-0.049087,0.000000,0.416633,0.082873,0.294037,0.02635,upper_arm_link,arm_base_link
2.2401,0.197884,0.084369,-0.044485,-0.050621,0.000000,0.416787,0.083569,0.293628,0.02635,upper_arm_link,arm_base_link
2.2601,0.199418,0.085903,-0.044485,-0.050621,0.000000,0.416942,0.084265,0.292976,0.02635,upper_arm_link,arm_base_link
2.2802,0.200951,0.087437,-0.044485,-0.052155,0.000000,0.417092,0.084962,0.292567,0.02635,upper_arm_link,arm_base_link
2.3002,0.204019,0.088971,-0.044485,-0.053689,0.000000,0.417109,0.086299,0.292157,0.02639,upper_arm_link,arm_base_link
2.3202,0.205553,0.092039,-0.044485,-0.053689,0.000000,0.417537,0.087056,0.290849,0.02641,upper_arm_link,arm_base_link
2.3401,0.208621,0.095107,-0.044485,-0.053689,0.000000,0.417824,0.088454,0.289540,0.02648,upper_arm_link,arm_base_link
2.3601,0.210155,0.096641,-0.044485,-0.053689,0.000000,0.417965,0.089154,0.288884,0.02644,upper_arm_link,arm_base_link
2.3801,0.213223,0.098175,-0.044485,-0.055223,0.000000,0.417965,0.090495,0.288472,0.02646,upper_arm_link,arm_base_link
2.4001,0.216291,0.099709,-0.046019,-0.053689,0.000000,0.417976,0.091841,0.288122,0.02638,upper_arm_link,arm_base_link
2.4201,0.216291,0.102777,-0.044485,-0.055223,0.000000,0.418506,0.091958,0.286502,0.02639,upper_arm_link,arm_base_link
2.4401,0.217825,0.104311,-0.044485,-0.056757,0.000000,0.418637,0.092660,0.286087,0.02637,upper_arm_link,arm_base_link
2.4601,0.220893,0.104311,-0.044485,-0.056757,0.000000,0.418351,0.093944,0.286087,0.02634,upper_arm_link,arm_base_link
2.4801,0.223961,0.105845,-0.046019,-0.058291,0.000000,0.418351,0.095293,0.286222,0.02638,upper_arm_link,arm_base_link
2.5002,0.225495,0.107379,-0.046019,-0.061359,0.000000,0.418476,0.095997,0.286050,0.02642,upper_arm_link,arm_base_link
2.5202,0.227029,0.107379,-0.047553,-0.061359,0.000000,0.418346,0.096643,0.286600,0.02641,upper_arm_link,arm_base_link
2.5402,0.227029,0.108913,-0.049087,-0.061359,0.000000,0.418635,0.096710,0.286490,0.02637,upper_arm_link,arm_base_link
2.5601,0.230097,0.110447,-0.052155,-0.062893,0.000000,0.418641,0.098065,0.287173,0.02640,upper_arm_link,arm_base_link
2.5801,0.231631,0.113515,-0.058291,-0.062893,0.000000,0.419098,0.098850,0.288051,0.02646,upper_arm_link,arm_base_link
2.6001,0.233165,0.116583,-0.064427,-0.062893,0.000000,0.419549,0.099636,0.288928,0.02635,upper_arm_link,arm_base_link
2.6201,0.236233,0.119651,-0.072097,-0.062893,0.000000,0.419852,0.101070,0.290352,0.02638,upper_arm_link,arm_base_link
2.6401,0.237767,0.121184,-0.079767,-0.064427,0.000000,0.420014,0.101791,0.292681,0.02640,upper_arm_link,arm_base_link
2.6601,0.239301,0.121184,-0.087437,-0.064427,0.000000,0.419881,0.102441,0.295430,0.02640,upper_arm_link,arm_base_link
2.6801,0.240835,0.122718,-0.093573,-0.067495,0.000000,0.419998,0.103152,0.297452,0.02640,upper_arm_link,arm_base_link
2.7001,0.243903,0.122718,-0.098175,-0.069029,0.000000,0.419664,0.104437,0.299344,0.02636,upper_arm_link,arm_base_link
2.7201,0.246971,0.124252,-0.102777,-0.070563,0.000000,0.419609,0.105791,0.300573,0.02636,upper_arm_link,arm_base_link
2.7401,0.248505,0.124252,-0.107379,-0.072097,0.000000,0.419414,0.106426,0.302464,0.02636,upper_arm_link,arm_base_link
2.7601,0.250039,0.125786,-0.111981,-0.073631,0.000000,0.419504,0.107134,0.303692,0.02637,upper_arm_link,arm_base_link
2.7801,0.251573,0.125786,-0.116583,-0.075165,0.000000,0.419290,0.107765,0.305584,0.02636,upper_arm_link,arm_base_link
2.8002,0.254641,0.127320,-0.121184,-0.076699,0.000000,0.419199,0.109114,0.306810,0.02636,upper_arm_link,arm_base_link
2.8202,0.256175,0.128854,-0.125786,-0.076699,0.000000,0.419285,0.109823,0.307794,0.02637,upper_arm_link,arm_base_link
2.8401,0.257709,0.130388,-0.128854,-0.078233,0.000000,0.419366,0.110532,0.308470,0.02636,upper_arm_link,arm_base_link
2.8601,0.257709,0.133456,-0.131922,-0.079767,0.000000,0.419917,0.110677,0.308480,0.02639,upper_arm_link,arm_base_link
2.8802,0.260777,0.136524,-0.133456,-0.081301,0.000000,0.420142,0.112116,0.307939,0.02640,upper_arm_link,arm_base_link
2.9001,0.262311,0.139592,-0.133456,-0.081301,0.000000,0.420569,0.112922,0.306603,0.02635,upper_arm_link,arm_base_link
2.9201,0.263845,0.141126,-0.133456,-0.082835,0.000000,0.420676,0.113643,0.306178,0.02643,upper_arm_link,arm_base_link
2.9401,0.265379,0.144194,-0.133456,-0.082835,0.000000,0.421096,0.114449,0.304840,0.02636,upper_arm_link,arm_base_link
2.9601,0.266913,0.145728,-0.133456,-0.084369,0.000000,0.421198,0.115171,0.304413,0.02639,upper_arm_link,arm_base_link
2.9801,0.269981,0.150330,-0.133456,-0.084369,0.000000,0.421724,0.116707,0.302401,0.02643,upper_arm_link,arm_base_link
3.0001,0.269981,0.153398,-0.133456,-0.085903,0.000000,0.422291,0.116864,0.301301,0.02642,upper_arm_link,arm_base_link
3.0201,0.273049,0.154932,-0.133456,-0.085903,0.000000,0.422220,0.118240,0.300628,0.02637,upper_arm_link,arm_base_link
3.0401,0.274583,0.158000,-0.133456,-0.085903,0.000000,0.422614,0.119050,0.299282,0.02642,upper_arm_link,arm_base_link
3.0602,0.277651,0.159534,-0.133456,-0.085903,0.000000,0.422533,0.120427,0.298609,0.02643,upper_arm_link,arm_base_link
3.0802,0.279185,0.161068,-0.133456,-0.087437,0.000000,0.422620,0.121153,0.298177,0.02643,upper_arm_link,arm_base_link
3.1002,0.280719,0.162602,-0.133456,-0.087437,0.000000,0.422718,0.121883,0.297503,0.02642,upper_arm_link,arm_base_link
3.1201,0.283786,0.165670,-0.136524,-0.088971,0.000000,0.422885,0.123338,0.297494,0.02642,upper_arm_link,arm_base_link
3.1402,0.285320,0.167204,-0.139592,-0.088971,0.000000,0.422968,0.124066,0.297917,0.02641,upper_arm_link,arm_base_link
3.1602,0.286854,0.170272,-0.145728,-0.088971,0.000000,0.423318,0.124875,0.298761,0.02638,upper_arm_link,arm_base_link
3.1801,0.288388,0.174874,-0.156466,-0.088971,0.000000,0.423920,0.125760,0.300574,0.02640,upper_arm_link,arm_base_link
3.2001,0.289922,0.176408,-0.165670,-0.088971,0.000000,0.423938,0.126473,0.303192,0.02640,upper_arm_link,arm_base_link
3.2201,0.291456,0.177942,-0.173340,-0.092039,0.000000,0.423913,0.127174,0.305744,0.02640,upper_arm_link,arm_base_link
3.2401,0.291456,0.179476,-0.181010,-0.093573,0.000000,0.424085,0.127225,0.308052,0.02640,upper_arm_link,arm_base_link
3.2601,0.292990,0.181010,-0.185612,-0.095107,0.000000,0.424095,0.127938,0.309262,0.02640,upper_arm_link,arm_base_link
3.2801,0.294524,0.181010,-0.191748,-0.096641,0.000000,0.423769,0.128549,0.311699,0.02639,upper_arm_link,arm_base_link
3.3001,0.296058,0.182544,-0.196350,-0.098175,0.000000,0.423763,0.129257,0.312907,0.02641,upper_arm_link,arm_base_link
3.3201,0.297592,0.182544,-0.199418,-0.099709,0.000000,0.423476,0.129880,0.314245,0.02639,upper_arm_link,arm_base_link
3.3401,0.297592,0.182544,-0.204019,-0.101243,0.000000,0.423348,0.129841,0.316132,0.02639,upper_arm_link,arm_base_link
3.3602,0.299126,0.184078,-0.207087,-0.101243,0.000000,0.423388,0.130564,0.316548,0.02640,upper_arm_link,arm_base_link
3.3802,0.300660,0.185612,-0.211689,-0.102777,0.000000,0.423360,0.131267,0.317754,0.02640,upper_arm_link,arm_base_link
3.4001,0.302194,0.187146,-0.214757,-0.104311,0.000000,0.423364,0.131980,0.318411,0.02639,upper_arm_link,arm_base_link
3.4201,0.303728,0.191748,-0.219359,-0.104311,0.000000,0.423982,0.132887,0.318011,0.02641,upper_arm_link,arm_base_link
3.4401,0.303728,0.194816,-0.220893,-0.105845,0.000000,0.424536,0.133061,0.317436,0.02642,upper_arm_link,arm_base_link
3.4601,0.306796,0.199418,-0.225495,-0.105845,0.000000,0.424944,0.134622,0.317030,0.02645,upper_arm_link,arm_base_link
3.4801,0.308330,0.202485,-0.227029,-0.105845,0.000000,0.425318,0.135458,0.316210,0.02642,upper_arm_link,arm_base_link
3.5001,0.309864,0.205553,-0.228563,-0.107379,0.000000,0.425659,0.136287,0.315629,0.02645,upper_arm_link,arm_base_link
3.5201,0.311398,0.208621,-0.228563,-0.107379,0.000000,0.426063,0.137137,0.314256,0.02644,upper_arm_link,arm_base_link
3.5401,0.312932,0.211689,-0.228563,-0.107379,0.000000,0.426462,0.137988,0.312882,0.02649,upper_arm_link,arm_base_link
3.5601,0.314466,0.214757,-0.228563,-0.108913,0.000000,0.426827,0.138829,0.311747,0.02645,upper_arm_link,arm_base_link
3.5801,0.316000,0.217825,-0.228563,-0.110447,0.000000,0.427187,0.139671,0.310611,0.02645,upper_arm_link,arm_base_link
3.6001,0.317534,0.220893,-0.228563,-0.110447,0.000000,0.427570,0.140523,0.309231,0.02651,upper_arm_link,arm_base_link
3.6201,0.320602,0.222427,-0.228563,-0.111981,0.000000,0.427407,0.141924,0.308782,0.02650,upper_arm_link,arm_base_link
3.6401,0.322136,0.223961,-0.228563,-0.113515,0.000000,0.427458,0.142669,0.308333,0.02649,upper_arm_link,arm_base_link
3.6601,0.323670,0.223961,-0.228563,-0.115049,0.000000,0.427211,0.143315,0.308574,0.02652,upper_arm_link,arm_base_link
3.6802,0.325204,0.227029,-0.231631,-0.116583,0.000000,0.427497,0.144141,0.308529,0.02651,upper_arm_link,arm_base_link
3.7002,0.326738,0.228563,-0.237767,-0.116583,0.000000,0.427451,0.144856,0.310029,0.02651,upper_arm_link,arm_base_link
3.7202,0.328272,0.231631,-0.246971,-0.116583,0.000000,0.427628,0.145648,0.311932,0.02651,upper_arm_link,arm_base_link
3.7402,0.329806,0.234699,-0.257709,-0.118117,0.000000,0.427720,0.146412,0.314621,0.02650,upper_arm_link,arm_base_link
3.7601,0.329806,0.237767,-0.265379,-0.118117,0.000000,0.428130,0.146552,0.315970,0.02650,upper_arm_link,arm_base_link
3.7801,0.331340,0.239301,-0.276117,-0.119651,0.000000,0.427871,0.147197,0.319347,0.02652,upper_arm_link,arm_base_link
3.8001,0.331340,0.240835,-0.283786,-0.122718,0.000000,0.427867,0.147196,0.321866,0.02653,upper_arm_link,arm_base_link
3.8201,0.334408,0.242369,-0.291456,-0.122718,0.000000,0.427470,0.148528,0.323903,0.02653,upper_arm_link,arm_base_link
3.8401,0.334408,0.243903,-0.297592,-0.125786,0.000000,0.427489,0.148534,0.325872,0.02654,upper_arm_link,arm_base_link
3.8601,0.335942,0.243903,-0.303728,-0.127320,0.000000,0.426985,0.149094,0.328293,0.02653,upper_arm_link,arm_base_link
3.8801,0.337476,0.245437,-0.306796,-0.127320,0.000000,0.426959,0.149820,0.328689,0.02654,upper_arm_link,arm_base_link
3.9001,0.339010,0.246971,-0.311398,-0.128854,0.000000,0.426825,0.150508,0.329869,0.02654,upper_arm_link,arm_base_link
3.9201,0.340544,0.250039,-0.314466,-0.130388,0.000000,0.427074,0.151333,0.329808,0.02656,upper_arm_link,arm_base_link
3.9402,0.342078,0.253107,-0.319068,-0.131922,0.000000,0.427257,0.152136,0.330290,0.02657,upper_arm_link,arm_base_link
3.9602,0.343612,0.256175,-0.322136,-0.131922,0.000000,0.427546,0.152978,0.329987,0.02658,upper_arm_link,arm_base_link
3.9801,0.345146,0.260777,-0.326738,-0.133456,0.000000,0.428048,0.153899,0.329768,0.02651,upper_arm_link,arm_base_link
4.0001,0.346680,0.263845,-0.329806,-0.134990,0.000000,0.428285,0.154727,0.329699,0.02655,upper_arm_link,arm_base_link
4.0202,0.348214,0.266913,-0.329806,-0.134990,0.000000,0.428694,0.155618,0.328301,0.02655,upper_arm_link,arm_base_link
4.0401,0.349748,0.271515,-0.331340,-0.134990,0.000000,0.429355,0.156604,0.326744,0.02658,upper_arm_link,arm_base_link
4.0601,0.349748,0.274583,-0.331340,-0.134990,0.000000,0.429993,0.156837,0.325341,0.02660,upper_arm_link,arm_base_link
4.0801,0.351282,0.277651,-0.331340,-0.136524,0.000000,0.430342,0.157712,0.324175,0.02660,upper_arm_link,arm_base_link
4.1001,0.354350,0.282252,-0.331340,-0.136524,0.000000,0.430798,0.159381,0.322063,0.02662,upper_arm_link,arm_base_link
4.1201,0.354350,0.286854,-0.331340,-0.136524,0.000000,0.431731,0.159726,0.319947,0.02664,upper_arm_link,arm_base_link
4.1401,0.355884,0.289922,-0.331340,-0.138058,0.000000,0.432062,0.160602,0.318773,0.02660,upper_arm_link,arm_base_link
4.1601,0.357418,0.292990,-0.334408,-0.136524,0.000000,0.432365,0.161470,0.318211,0.02660,upper_arm_link,arm_base_link
4.1801,0.358952,0.296058,-0.337476,-0.138058,0.000000,0.432584,0.162308,0.318125,0.02668,upper_arm_link,arm_base_link
4.2001,0.362019,0.297592,-0.343612,-0.138058,0.000000,0.432177,0.163670,0.319599,0.02666,upper_arm_link,arm_base_link
4.2201,0.363553,0.302194,-0.349748,-0.138058,0.000000,0.432628,0.164600,0.319653,0.02670,upper_arm_link,arm_base_link
4.2402,0.365087,0.305262,-0.358952,-0.139592,0.000000,0.432607,0.165352,0.321743,0.02666,upper_arm_link,arm_base_link
4.2602,0.365087,0.306796,-0.365087,-0.139592,0.000000,0.432678,0.165379,0.323213,0.02665,upper_arm_link,arm_base_link
4.2801,0.369689,0.309864,-0.374291,-0.141126,0.000000,0.432117,0.167448,0.325297,0.02667,upper_arm_link,arm_base_link
4.3001,0.371223,0.311398,-0.381961,-0.144194,0.000000,0.431749,0.168068,0.327782,0.02667,upper_arm_link,arm_base_link
4.3201,0.371223,0.312932,-0.389631,-0.145728,0.000000,0.431669,0.168037,0.330026,0.02669,upper_arm_link,arm_base_link
4.3401,0.372757,0.314466,-0.395767,-0.150330,0.000000,0.431287,0.168650,0.332198,0.02669,upper_arm_link,arm_base_link
4.3601,0.374291,0.314466,-0.403437,-0.150330,0.000000,0.430643,0.169160,0.334909,0.02668,upper_arm_link,arm_base_link
4.3801,0.374291,0.316000,-0.411107,-0.151864,0.000000,0.430514,0.169110,0.337143,0.02676,upper_arm_link,arm_base_link
4.4001,0.375825,0.319068,-0.418777,-0.153398,0.000000,0.430445,0.169845,0.338665,0.02673,upper_arm_link,arm_base_link
4.4201,0.375825,0.322136,-0.426447,-0.154932,0.000000,0.430625,0.169916,0.340182,0.02672,upper_arm_link,arm_base_link
4.4401,0.377359,0.325204,-0.431049,-0.156466,0.000000,0.430713,0.170715,0.340617,0.02669,upper_arm_link,arm_base_link
4.4601,0.378893,0.328272,-0.435651,-0.158000,0.000000,0.430797,0.171513,0.341049,0.02673,upper_arm_link,arm_base_link
4.4802,0.380427,0.331340,-0.440253,-0.159534,0.000000,0.430876,0.172311,0.341480,0.02676,upper_arm_link,arm_base_link
4.5002,0.380427,0.335942,-0.443320,-0.161068,0.000000,0.431644,0.172618,0.340656,0.02681,upper_arm_link,arm_base_link
4.5202,0.381961,0.339010,-0.446388,-0.162602,0.000000,0.431809,0.173453,0.340543,0.02677,upper_arm_link,arm_base_link
4.5402,0.381961,0.345146,-0.449456,-0.162602,0.000000,0.432966,0.173918,0.338763,0.02682,upper_arm_link,arm_base_link
4.5601,0.383495,0.348214,-0.450990,-0.164136,0.000000,0.433215,0.174790,0.338105,0.02678,upper_arm_link,arm_base_link
4.5801,0.383495,0.351282,-0.452524,-0.164136,0.000000,0.433789,0.175021,0.337211,0.02688,upper_arm_link,arm_base_link
4.6001,0.385029,0.355884,-0.452524,-0.164136,0.000000,0.434507,0.176086,0.335056,0.02683,upper_arm_link,arm_base_link
4.6201,0.386563,0.358952,-0.452524,-0.165670,0.000000,0.434831,0.176995,0.333851,0.02687,upper_arm_link,arm_base_link
4.6401,0.386563,0.362019,-0.452524,-0.164136,0.000000,0.435536,0.177282,0.332174,0.02692,upper_arm_link,arm_base_link
4.6601,0.388097,0.365087,-0.452524,-0.165670,0.000000,0.435851,0.178190,0.330966,0.02685,upper_arm_link,arm_base_link
4.6801,0.388097,0.368155,-0.452524,-0.167204,0.000000,0.436436,0.178429,0.329756,0.02688,upper_arm_link,arm_base_link
4.7001,0.389631,0.371223,-0.454058,-0.168738,0.000000,0.436663,0.179304,0.329086,0.02691,upper_arm_link,arm_base_link
4.7201,0.389631,0.372757,-0.455592,-0.168738,0.000000,0.436902,0.179402,0.328903,0.02693,upper_arm_link,arm_base_link
4.7401,0.391165,0.375825,-0.460194,-0.170272,0.000000,0.436966,0.180212,0.329312,0.02698,upper_arm_link,arm_base_link
4.7601,0.391165,0.377359,-0.463262,-0.170272,0.000000,0.437122,0.180277,0.329669,0.02695,upper_arm_link,arm_base_link
4.7802,0.392699,0.380427,-0.469398,-0.170272,0.000000,0.437156,0.181076,0.330382,0.02695,upper_arm_link,arm_base_link
4.8001,0.392699,0.383495,-0.475534,-0.171806,0.000000,0.437403,0.181178,0.331327,0.02694,upper_arm_link,arm_base_link
4.8201,0.392699,0.385029,-0.480136,-0.173340,0.000000,0.437409,0.181181,0.332455,0.02698,upper_arm_link,arm_base_link
4.8401,0.392699,0.386563,-0.487806,-0.173340,0.000000,0.437293,0.181133,0.334427,0.02694,upper_arm_link,arm_base_link
4.8601,0.394233,0.389631,-0.495476,-0.174874,0.000000,0.437151,0.181860,0.335905,0.02704,upper_arm_link,arm_base_link
4.8801,0.394233,0.391165,-0.501612,-0.174874,0.000000,0.437106,0.181841,0.337333,0.02698,upper_arm_link,arm_base_link
4.9001,0.394233,0.391165,-0.509282,-0.176408,0.000000,0.436560,0.181614,0.340255,0.02698,upper_arm_link,arm_base_link
4.9202,0.395767,0.392699,-0.512350,-0.176408,0.000000,0.436416,0.182340,0.340604,0.02698,upper_arm_link,arm_base_link
4.9401,0.395767,0.391165,-0.516952,-0.177942,0.000000,0.435711,0.182046,0.343172,0.02695,upper_arm_link,arm_base_link
4.9601,0.395767,0.391165,-0.520020,-0.177942,0.000000,0.435505,0.181959,0.344245,0.02695,upper_arm_link,arm_base_link
4.9801,0.395767,0.392699,-0.524621,-0.177942,0.000000,0.435529,0.181970,0.345129,0.02698,upper_arm_link,arm_base_link
5.0001,0.397301,0.392699,-0.529223,-0.179476,0.000000,0.434860,0.182474,0.346967,0.02695,upper_arm_link,arm_base_link
5.0201,0.397301,0.394233,-0.533825,-0.179476,0.000000,0.434876,0.182481,0.347848,0.02702,upper_arm_link,arm_base_link
5.0402,0.397301,0.397301,-0.538427,-0.181010,0.000000,0.435163,0.182601,0.348236,0.02703,upper_arm_link,arm_base_link
5.0602,0.397301,0.401903,-0.546097,-0.181010,0.000000,0.435639,0.182801,0.348734,0.02699,upper_arm_link,arm_base_link
5.0802,0.397301,0.401903,-0.549165,-0.182544,0.000000,0.435340,0.182676,0.350032,0.02699,upper_arm_link,arm_base_link
5.1001,0.398835,0.406505,-0.552233,-0.182544,0.000000,0.435870,0.183685,0.348925,0.02702,upper_arm_link,arm_base_link
5.1201,0.398835,0.408039,-0.553767,-0.182544,0.000000,0.436101,0.183782,0.348733,0.02703,upper_arm_link,arm_base_link
5.1402,0.400369,0.411107,-0.552233,-0.182544,0.000000,0.436617,0.184789,0.346746,0.02704,upper_arm_link,arm_base_link
5.1601,0.400369,0.412641,-0.552233,-0.182544,0.000000,0.436959,0.184933,0.346018,0.02705,upper_arm_link,arm_base_link
5.1801,0.400369,0.415709,-0.552233,-0.182544,0.000000,0.437638,0.185221,0.344561,0.02707,upper_arm_link,arm_base_link
5.2001,0.401903,0.418777,-0.552233,-0.182544,0.000000,0.438028,0.186179,0.343102,0.02709,upper_arm_link,arm_base_link
5.2201,0.401903,0.420311,-0.552233,-0.182544,0.000000,0.438364,0.186321,0.342372,0.02710,upper_arm_link,arm_base_link
5.2401,0.401903,0.423379,-0.552233,-0.182544,0.000000,0.439033,0.186606,0.340909,0.02712,upper_arm_link,arm_base_link
5.2602,0.403437,0.424913,-0.552233,-0.182544,0.000000,0.439078,0.187421,0.340177,0.02712,upper_arm_link,arm_base_link
5.2801,0.403437,0.426447,-0.552233,-0.182544,0.000000,0.439410,0.187562,0.339445,0.02713,upper_arm_link,arm_base_link
5.3001,0.403437,0.429515,-0.552233,-0.184078,0.000000,0.440003,0.187815,0.338210,0.02717,upper_arm_link,arm_base_link
5.3201,0.403437,0.431049,-0.552233,-0.182544,0.000000,0.440398,0.187984,0.337244,0.02718,upper_arm_link,arm_base_link
5.3401,0.404971,0.432583,-0.553767,-0.182544,0.000000,0.440336,0.188757,0.337046,0.02718,upper_arm_link,arm_base_link
5.3602,0.404971,0.434117,-0.553767,-0.182544,0.000000,0.440663,0.188897,0.336310,0.02720,upper_arm_link,arm_base_link
5.3802,0.404971,0.434117,-0.553767,-0.182544,0.000000,0.440663,0.188897,0.336310,0.02720,upper_arm_link,arm_base_link
5.4001,0.404971,0.435651,-0.553767,-0.182544,0.000000,0.440989,0.189037,0.335575,0.02720,upper_arm_link,arm_base_link
5.4201,0.404971,0.435651,-0.553767,-0.184078,0.000000,0.440922,0.189008,0.335807,0.02720,upper_arm_link,arm_base_link
5.4401,0.404971,0.437185,-0.553767,-0.184078,0.000000,0.441248,0.189147,0.335071,0.02719,upper_arm_link,arm_base_link
5.4601,0.404971,0.437185,-0.558369,-0.184078,0.000000,0.440947,0.189019,0.336681,0.02719,upper_arm_link,arm_base_link
5.4802,0.404971,0.440253,-0.566039,-0.184078,0.000000,0.441091,0.189080,0.337891,0.02723,upper_arm_link,arm_base_link
5.5001,0.404971,0.443320,-0.573709,-0.184078,0.000000,0.441226,0.189138,0.339097,0.02724,upper_arm_link,arm_base_link
5.5201,0.404971,0.446388,-0.581379,-0.184078,0.000000,0.441354,0.189193,0.340300,0.02725,upper_arm_link,arm_base_link
5.5401,0.404971,0.447922,-0.589049,-0.185612,0.000000,0.441067,0.189070,0.342467,0.02733,upper_arm_link,arm_base_link
5.5601,0.404971,0.449456,-0.595185,-0.187146,0.000000,0.440880,0.188990,0.344097,0.02730,upper_arm_link,arm_base_link
5.5801,0.404971,0.449456,-0.598253,-0.188680,0.000000,0.440577,0.188860,0.345393,0.02730,upper_arm_link,arm_base_link
5.6001,0.404971,0.449456,-0.601321,-0.188680,0.000000,0.440344,0.188760,0.346458,0.02730,upper_arm_link,arm_base_link
5.6202,0.404971,0.449456,-0.601321,-0.188680,0.000000,0.440344,0.188760,0.346458,0.02730,upper_arm_link,arm_base_link
5.6402,0.404971,0.449456,-0.601321,-0.190214,0.000000,0.440269,0.188728,0.346687,0.02730,upper_arm_link,arm_base_link
5.6601,0.404971,0.449456,-0.601321,-0.188680,0.000000,0.440344,0.188760,0.346458,0.02730,upper_arm_link,arm_base_link
5.6801,0.404971,0.450990,-0.601321,-0.190214,0.000000,0.440609,0.188874,0.345952,0.02733,upper_arm_link,arm_base_link
5.7001,0.404971,0.450990,-0.601321,-0.190214,0.000000,0.440609,0.188874,0.345952,0.02733,upper_arm_link,arm_base_link
5.7201,0.406505,0.452524,-0.601321,-0.188680,0.000000,0.440733,0.189728,0.344987,0.02729,upper_arm_link,arm_base_link
5.7401,0.404971,0.454058,-0.599787,-0.188680,0.000000,0.441476,0.189245,0.343718,0.02733,upper_arm_link,arm_base_link
5.7601,0.406505,0.457126,-0.601321,-0.188680,0.000000,0.441743,0.190163,0.342776,0.02733,upper_arm_link,arm_base_link
5.7801,0.404971,0.458660,-0.601321,-0.188680,0.000000,0.442369,0.189628,0.342038,0.02736,upper_arm_link,arm_base_link
5.8001,0.406505,0.461728,-0.601321,-0.190214,0.000000,0.442672,0.190562,0.340791,0.02733,upper_arm_link,arm_base_link
5.8201,0.406505,0.464796,-0.601321,-0.188680,0.000000,0.443406,0.190879,0.339081,0.02735,upper_arm_link,arm_base_link
5.8401,0.404971,0.466330,-0.601321,-0.188680,0.000000,0.444028,0.190340,0.338340,0.02737,upper_arm_link,arm_base_link
5.8601,0.404971,0.469398,-0.601321,-0.188680,0.000000,0.444685,0.190621,0.336857,0.02735,upper_arm_link,arm_base_link
5.8801,0.404971,0.470932,-0.601321,-0.188680,0.000000,0.445011,0.190761,0.336114,0.02747,upper_arm_link,arm_base_link
5.9001,0.404971,0.474000,-0.601321,-0.188680,0.000000,0.445662,0.191040,0.334628,0.02743,upper_arm_link,arm_base_link
5.9202,0.404971,0.474000,-0.601321,-0.188680,0.000000,0.445662,0.191040,0.334628,0.02743,upper_arm_link,arm_base_link
5.9401,0.404971,0.474000,-0.601321,-0.188680,0.000000,0.445662,0.191040,0.334628,0.02743,upper_arm_link,arm_base_link
5.9602,0.404971,0.475534,-0.601321,-0.188680,0.000000,0.445985,0.191178,0.333884,0.02738,upper_arm_link,arm_base_link
5.9801,0.404971,0.475534,-0.601321,-0.188680,0.000000,0.445985,0.191178,0.333884,0.02738,upper_arm_link,arm_base_link
6.0001,0.404971,0.475534,-0.601321,-0.188680,0.000000,0.445985,0.191178,0.333884,0.02738,upper_arm_link,arm_base_link
6.0201,0.404971,0.474000,-0.601321,-0.188680,0.000000,0.445662,0.191040,0.334628,0.02743,upper_arm_link,arm_base_link
6.0401,0.404971,0.475534,-0.605922,-0.188680,0.000000,0.445668,0.191042,0.335490,0.02738,upper_arm_link,arm_base_link
6.0601,0.404971,0.475534,-0.610524,-0.188680,0.000000,0.445344,0.190904,0.337095,0.02738,upper_arm_link,arm_base_link
6.0801,0.404971,0.475534,-0.618194,-0.188680,0.000000,0.444790,0.190666,0.339765,0.02738,upper_arm_link,arm_base_link
6.1001,0.404971,0.475534,-0.625864,-0.188680,0.000000,0.444216,0.190420,0.342432,0.02738,upper_arm_link,arm_base_link
6.1201,0.404971,0.475534,-0.635068,-0.190214,0.000000,0.443427,0.190082,0.345853,0.02738,upper_arm_link,arm_base_link
6.1401,0.404971,0.475534,-0.641204,-0.188680,0.000000,0.443013,0.189904,0.347749,0.02738,upper_arm_link,arm_base_link
6.1601,0.404971,0.474000,-0.650408,-0.188680,0.000000,0.441907,0.189430,0.351668,0.02743,upper_arm_link,arm_base_link
6.1802,0.406505,0.475534,-0.656544,-0.188680,0.000000,0.441444,0.190034,0.353046,0.02739,upper_arm_link,arm_base_link
6.2002,0.406505,0.475534,-0.662680,-0.190214,0.000000,0.440830,0.189769,0.355385,0.02739,upper_arm_link,arm_base_link
6.2201,0.404971,0.475534,-0.665748,-0.188680,0.000000,0.440932,0.189012,0.356213,0.02738,upper_arm_link,arm_base_link
6.2402,0.404971,0.475534,-0.670350,-0.188680,0.000000,0.440520,0.188836,0.357794,0.02738,upper_arm_link,arm_base_link
6.2601,0.406505,0.475534,-0.671884,-0.188680,0.000000,0.440092,0.189452,0.358321,0.02739,upper_arm_link,arm_base_link
6.2801,0.404971,0.475534,-0.673418,-0.190214,0.000000,0.440158,0.188680,0.359072,0.02738,upper_arm_link,arm_base_link
6.3001,0.404971,0.475534,-0.673418,-0.188680,0.000000,0.440243,0.188717,0.358847,0.02738,upper_arm_link,arm_base_link
6.3201,0.404971,0.475534,-0.673418,-0.188680,0.000000,0.440243,0.188717,0.358847,0.02738,upper_arm_link,arm_base_link
6.3401,0.406505,0.477068,-0.673418,-0.188680,0.000000,0.440310,0.189546,0.358112,0.02741,upper_arm_link,arm_base_link
6.3601,0.406505,0.480136,-0.673418,-0.190214,0.000000,0.440938,0.189816,0.356866,0.02747,upper_arm_link,arm_base_link
6.3801,0.404971,0.481670,-0.673418,-0.188680,0.000000,0.441667,0.189327,0.355903,0.02743,upper_arm_link,arm_base_link
6.4001,0.404971,0.484738,-0.673418,-0.188680,0.000000,0.442373,0.189630,0.354428,0.02745,upper_arm_link,arm_base_link
6.4201,0.406505,0.486272,-0.673418,-0.188680,0.000000,0.442432,0.190459,0.353689,0.02746,upper_arm_link,arm_base_link
6.4401,0.406505,0.490874,-0.673418,-0.188680,0.000000,0.443480,0.190910,0.351470,0.02757,upper_arm_link,arm_base_link
6.4601,0.406505,0.492408,-0.673418,-0.188680,0.000000,0.443827,0.191059,0.350729,0.02755,upper_arm_link,arm_base_link
6.4801,0.404971,0.493942,-0.673418,-0.188680,0.000000,0.444465,0.190527,0.349987,0.02758,upper_arm_link,arm_base_link
6.5001,0.404971,0.495476,-0.673418,-0.188680,0.000000,0.444811,0.190675,0.349245,0.02759,upper_arm_link,arm_base_link
6.5201,0.404971,0.495476,-0.673418,-0.190214,0.000000,0.444730,0.190640,0.349472,0.02759,upper_arm_link,arm_base_link
6.5401,0.406505,0.497010,-0.673418,-0.188680,0.000000,0.444861,0.191505,0.348503,0.02755,upper_arm_link,arm_base_link
6.5601,0.404971,0.497010,-0.673418,-0.188680,0.000000,0.445155,0.190822,0.348503,0.02754,upper_arm_link,arm_base_link
6.5801,0.406505,0.497010,-0.673418,-0.188680,0.000000,0.444861,0.191505,0.348503,0.02755,upper_arm_link,arm_base_link
6.6001,0.404971,0.495476,-0.673418,-0.188680,0.000000,0.444811,0.190675,0.349245,0.02759,upper_arm_link,arm_base_link
6.6201,0.406505,0.497010,-0.673418,-0.190214,0.000000,0.444781,0.191471,0.348730,0.02755,upper_arm_link,arm_base_link
6.6401,0.406505,0.497010,-0.673418,-0.188680,0.000000,0.444861,0.191505,0.348503,0.02755,upper_arm_link,arm_base_link
6.6601,0.404971,0.497010,-0.673418,-0.188680,0.000000,0.445155,0.190822,0.348503,0.02754,upper_arm_link,arm_base_link
6.6801,0.404971,0.497010,-0.673418,-0.188680,0.000000,0.445155,0.190822,0.348503,0.02754,upper_arm_link,arm_base_link
6.7001,0.404971,0.497010,-0.673418,-0.188680,0.000000,0.445155,0.190822,0.348503,0.02754,upper_arm_link,arm_base_link
6.7201,0.406505,0.497010,-0.673418,-0.190214,0.000000,0.444781,0.191471,0.348730,0.02755,upper_arm_link,arm_base_link
6.7402,0.404971,0.497010,-0.673418,-0.188680,0.000000,0.445155,0.190822,0.348503,0.02754,upper_arm_link,arm_base_link
6.7602,0.406505,0.497010,-0.673418,-0.188680,0.000000,0.444861,0.191505,0.348503,0.02755,upper_arm_link,arm_base_link
6.7801,0.406505,0.497010,-0.673418,-0.190214,0.000000,0.444781,0.191471,0.348730,0.02755,upper_arm_link,arm_base_link
6.8001,0.404971,0.497010,-0.673418,-0.188680,0.000000,0.445155,0.190822,0.348503,0.02754,upper_arm_link,arm_base_link
6.8201,0.406505,0.497010,-0.673418,-0.188680,0.000000,0.444861,0.191505,0.348503,0.02755,upper_arm_link,arm_base_link
6.8401,0.406505,0.497010,-0.673418,-0.190214,0.000000,0.444781,0.191471,0.348730,0.02755,upper_arm_link,arm_base_link
6.8601,0.406505,0.497010,-0.673418,-0.190214,0.000000,0.444781,0.191471,0.348730,0.02755,upper_arm_link,arm_base_link
6.8802,0.406505,0.497010,-0.673418,-0.188680,0.000000,0.444861,0.191505,0.348503,0.02755,upper_arm_link,arm_base_link
6.9001,0.406505,0.497010,-0.673418,-0.188680,0.000000,0.444861,0.191505,0.348503,0.02755,upper_arm_link,arm_base_link
6.9201,0.406505,0.497010,-0.673418,-0.190214,0.000000,0.444781,0.191471,0.348730,0.02755,upper_arm_link,arm_base_link
6.9401,0.406505,0.497010,-0.673418,-0.188680,0.000000,0.444861,0.191505,0.348503,0.02755,upper_arm_link,arm_base_link
6.9601,0.404971,0.497010,-0.673418,-0.188680,0.000000,0.445155,0.190822,0.348503,0.02754,upper_arm_link,arm_base_link
6.9801,0.404971,0.498544,-0.673418,-0.190214,0.000000,0.445418,0.190935,0.347987,0.02757,upper_arm_link,arm_base_link
7.0001,0.404971,0.500078,-0.673418,-0.190214,0.000000,0.445760,0.191082,0.347243,0.02758,upper_arm_link,arm_base_link
7.0201,0.404971,0.501612,-0.673418,-0.190214,0.000000,0.446102,0.191228,0.346499,0.02762,upper_arm_link,arm_base_link
7.0401,0.406505,0.501612,-0.676486,-0.188680,0.000000,0.445631,0.191836,0.347330,0.02759,upper_arm_link,arm_base_link
7.0601,0.404971,0.504680,-0.681087,-0.188680,0.000000,0.446222,0.191280,0.347430,0.02762,upper_arm_link,arm_base_link
7.0801,0.406505,0.506214,-0.684155,-0.188680,0.000000,0.446011,0.192000,0.347743,0.02762,upper_arm_link,arm_base_link
7.1001,0.404971,0.507748,-0.688757,-0.188680,0.000000,0.446256,0.191294,0.348585,0.02764,upper_arm_link,arm_base_link
7.1201,0.406505,0.509282,-0.693359,-0.188680,0.000000,0.445909,0.191956,0.349425,0.02764,upper_arm_link,arm_base_link
7.1401,0.404971,0.510816,-0.696427,-0.188680,0.000000,0.446281,0.191305,0.349736,0.02766,upper_arm_link,arm_base_link
7.1601,0.406505,0.510816,-0.699495,-0.190214,0.000000,0.445636,0.191838,0.351018,0.02765,upper_arm_link,arm_base_link
7.1801,0.404971,0.512350,-0.699495,-0.188680,0.000000,0.446359,0.191338,0.350047,0.02767,upper_arm_link,arm_base_link
7.2001,0.404971,0.510816,-0.701029,-0.188680,0.000000,0.445877,0.191132,0.351319,0.02766,upper_arm_link,arm_base_link
7.2202,0.406505,0.512350,-0.702563,-0.190214,0.000000,0.445711,0.191871,0.351328,0.02766,upper_arm_link,arm_base_link
7.2401,0.406505,0.510816,-0.704097,-0.188680,0.000000,0.445310,0.191698,0.352373,0.02765,upper_arm_link,arm_base_link
7.2601,0.404971,0.510816,-0.704097,-0.188680,0.000000,0.445603,0.191015,0.352373,0.02766,upper_arm_link,arm_base_link
7.2801,0.406505,0.512350,-0.704097,-0.188680,0.000000,0.445658,0.191848,0.351629,0.02766,upper_arm_link,arm_base_link
7.3002,0.404971,0.512350,-0.704097,-0.188680,0.000000,0.445952,0.191164,0.351629,0.02767,upper_arm_link,arm_base_link
7.3201,0.406505,0.512350,-0.704097,-0.188680,0.000000,0.445658,0.191848,0.351629,0.02766,upper_arm_link,arm_base_link
7.3401,0.406505,0.512350,-0.704097,-0.190214,0.000000,0.445575,0.191812,0.351855,0.02766,upper_arm_link,arm_base_link
7.3602,0.406505,0.512350,-0.704097,-0.188680,0.000000,0.445658,0.191848,0.351629,0.02766,upper_arm_link,arm_base_link
7.3802,0.406505,0.512350,-0.704097,-0.190214,0.000000,0.445575,0.191812,0.351855,0.02766,upper_arm_link,arm_base_link
7.4001,0.406505,0.512350,-0.704097,-0.190214,0.000000,0.445575,0.191812,0.351855,0.02766,upper_arm_link,arm_base_link
7.4201,0.406505,0.512350,-0.704097,-0.188680,0.000000,0.445658,0.191848,0.351629,0.02766,upper_arm_link,arm_base_link
7.4401,0.406505,0.513884,-0.704097,-0.188680,0.000000,0.446005,0.191997,0.350885,0.02767,upper_arm_link,arm_base_link
7.4601,0.404971,0.513884,-0.704097,-0.188680,0.000000,0.446299,0.191313,0.350885,0.02768,upper_arm_link,arm_base_link
7.4801,0.406505,0.513884,-0.704097,-0.190214,0.000000,0.445922,0.191962,0.351111,0.02767,upper_arm_link,arm_base_link
7.5001,0.406505,0.515418,-0.704097,-0.188680,0.000000,0.446351,0.192146,0.350140,0.02770,upper_arm_link,arm_base_link
7.5201,0.406505,0.515418,-0.704097,-0.188680,0.000000,0.446351,0.192146,0.350140,0.02770,upper_arm_link,arm_base_link
7.5401,0.406505,0.515418,-0.704097,-0.190214,0.000000,0.446269,0.192111,0.350366,0.02770,upper_arm_link,arm_base_link
7.5601,0.406505,0.516952,-0.704097,-0.190214,0.000000,0.446614,0.192259,0.349620,0.02771,upper_arm_link,arm_base_link
7.5801,0.404971,0.516952,-0.704097,-0.188680,0.000000,0.446991,0.191609,0.349394,0.02772,upper_arm_link,arm_base_link
7.6001,0.406505,0.516952,-0.704097,-0.188680,0.000000,0.446696,0.192295,0.349394,0.02771,upper_arm_link,arm_base_link
7.6202,0.406505,0.516952,-0.704097,-0.188680,0.000000,0.446696,0.192295,0.349394,0.02771,upper_arm_link,arm_base_link
7.6401,0.406505,0.516952,-0.704097,-0.188680,0.000000,0.446696,0.192295,0.349394,0.02771,upper_arm_link,arm_base_link
7.6601,0.404971,0.516952,-0.704097,-0.190214,0.000000,0.446909,0.191574,0.349620,0.02772,upper_arm_link,arm_base_link
7.6801,0.406505,0.516952,-0.704097,-0.190214,0.000000,0.446614,0.192259,0.349620,0.02771,upper_arm_link,arm_base_link
7.7001,0.406505,0.516952,-0.704097,-0.188680,0.000000,0.446696,0.192295,0.349394,0.02771,upper_arm_link,arm_base_link
7.7201,0.406505,0.516952,-0.704097,-0.190214,0.000000,0.446614,0.192259,0.349620,0.02771,upper_arm_link,arm_base_link
7.7401,0.406505,0.516952,-0.704097,-0.188680,0.000000,0.446696,0.192295,0.349394,0.02771,upper_arm_link,arm_base_link
7.7601,0.406505,0.516952,-0.704097,-0.188680,0.000000,0.446696,0.192295,0.349394,0.02771,upper_arm_link,arm_base_link
7.7801,0.404971,0.516952,-0.704097,-0.188680,0.000000,0.446991,0.191609,0.349394,0.02772,upper_arm_link,arm_base_link
7.8001,0.406505,0.516952,-0.704097,-0.190214,0.000000,0.446614,0.192259,0.349620,0.02771,upper_arm_link,arm_base_link
7.8201,0.406505,0.516952,-0.704097,-0.190214,0.000000,0.446614,0.192259,0.349620,0.02771,upper_arm_link,arm_base_link
7.8401,0.404971,0.516952,-0.704097,-0.190214,0.000000,0.446909,0.191574,0.349620,0.02772,upper_arm_link,arm_base_link
7.8601,0.406505,0.518486,-0.704097,-0.188680,0.000000,0.447040,0.192443,0.348647,0.02772,upper_arm_link,arm_base_link
7.8801,0.406505,0.520020,-0.705631,-0.190214,0.000000,0.447168,0.192498,0.348655,0.02773,upper_arm_link,arm_base_link
7.9001,0.406505,0.523087,-0.708699,-0.190214,0.000000,0.447587,0.192678,0.348216,0.02777,upper_arm_link,arm_base_link
7.9201,0.406505,0.526155,-0.711767,-0.188680,0.000000,0.448086,0.192893,0.347550,0.02779,upper_arm_link,arm_base_link
7.9401,0.404971,0.527689,-0.714835,-0.188680,0.000000,0.448455,0.192237,0.347857,0.02782,upper_arm_link,arm_base_link
7.9601,0.404971,0.529223,-0.714835,-0.190214,0.000000,0.448716,0.192349,0.347335,0.02783,upper_arm_link,arm_base_link
7.9801,0.406505,0.532291,-0.714835,-0.190214,0.000000,0.449101,0.193330,0.345836,0.02784,upper_arm_link,arm_base_link
8.0001,0.406505,0.532291,-0.714835,-0.190214,0.000000,0.449101,0.193330,0.345836,0.02784,upper_arm_link,arm_base_link
8.0201,0.406505,0.532291,-0.716369,-0.188680,0.000000,0.449050,0.193308,0.346137,0.02784,upper_arm_link,arm_base_link
8.0401,0.406505,0.532291,-0.714835,-0.190214,0.000000,0.449101,0.193330,0.345836,0.02784,upper_arm_link,arm_base_link
8.0602,0.404971,0.532291,-0.716369,-0.188680,0.000000,0.449346,0.192619,0.346137,0.02776,upper_arm_link,arm_base_link
8.0801,0.406505,0.532291,-0.716369,-0.188680,0.000000,0.449050,0.193308,0.346137,0.02784,upper_arm_link,arm_base_link
8.1001,0.406505,0.532291,-0.716369,-0.188680,0.000000,0.449050,0.193308,0.346137,0.02784,upper_arm_link,arm_base_link
8.1201,0.406505,0.532291,-0.716369,-0.188680,0.000000,0.449050,0.193308,0.346137,0.02784,upper_arm_link,arm_base_link
8.1401,0.406505,0.532291,-0.716369,-0.188680,0.000000,0.449050,0.193308,0.346137,0.02784,upper_arm_link,arm_base_link
8.1601,0.406505,0.532291,-0.716369,-0.188680,0.000000,0.449050,0.193308,0.346137,0.02784,upper_arm_link,arm_base_link
8.1801,0.404971,0.532291,-0.714835,-0.188680,0.000000,0.449479,0.192676,0.345609,0.02776,upper_arm_link,arm_base_link
8.2001,0.406505,0.532291,-0.716369,-0.190214,0.000000,0.448968,0.193273,0.346364,0.02784,upper_arm_link,arm_base_link
8.2201,0.406505,0.532291,-0.714835,-0.188680,0.000000,0.449182,0.193365,0.345609,0.02784,upper_arm_link,arm_base_link
8.2401,0.404971,0.532291,-0.716369,-0.188680,0.000000,0.449346,0.192619,0.346137,0.02776,upper_arm_link,arm_base_link
8.2601,0.406505,0.532291,-0.714835,-0.190214,0.000000,0.449101,0.193330,0.345836,0.02784,upper_arm_link,arm_base_link
8.2801,0.406505,0.532291,-0.716369,-0.188680,0.000000,0.449050,0.193308,0.346137,0.02784,upper_arm_link,arm_base_link
8.3001,0.406505,0.532291,-0.716369,-0.188680,0.000000,0.449050,0.193308,0.346137,0.02784,upper_arm_link,arm_base_link
8.3201,0.406505,0.532291,-0.716369,-0.188680,0.000000,0.449050,0.193308,0.346137,0.02784,upper_arm_link,arm_base_link
8.3401,0.406505,0.532291,-0.714835,-0.188680,0.000000,0.449182,0.193365,0.345609,0.02784,upper_arm_link,arm_base_link
8.3601,0.404971,0.532291,-0.716369,-0.188680,0.000000,0.449346,0.192619,0.346137,0.02776,upper_arm_link,arm_base_link
8.3801,0.406505,0.532291,-0.714835,-0.188680,0.000000,0.449182,0.193365,0.345609,0.02784,upper_arm_link,arm_base_link
8.4001,0.406505,0.532291,-0.716369,-0.190214,0.000000,0.448968,0.193273,0.346364,0.02784,upper_arm_link,arm_base_link
8.4201,0.404971,0.532291,-0.716369,-0.188680,0.000000,0.449346,0.192619,0.346137,0.02776,upper_arm_link,arm_base_link
8.4401,0.406505,0.532291,-0.714835,-0.190214,0.000000,0.449101,0.193330,0.345836,0.02784,upper_arm_link,arm_base_link
8.4601,0.406505,0.532291,-0.714835,-0.188680,0.000000,0.449182,0.193365,0.345609,0.02784,upper_arm_link,arm_base_link
8.4801,0.404971,0.532291,-0.714835,-0.188680,0.000000,0.449479,0.192676,0.345609,0.02776,upper_arm_link,arm_base_link
8.5001,0.406505,0.532291,-0.716369,-0.188680,0.000000,0.449050,0.193308,0.346137,0.02784,upper_arm_link,arm_base_link
8.5201,0.406505,0.532291,-0.716369,-0.188680,0.000000,0.449050,0.193308,0.346137,0.02784,upper_arm_link,arm_base_link
8.5401,0.404971,0.532291,-0.716369,-0.188680,0.000000,0.449346,0.192619,0.346137,0.02776,upper_arm_link,arm_base_link
8.5601,0.406505,0.532291,-0.716369,-0.190214,0.000000,0.448968,0.193273,0.346364,0.02784,upper_arm_link,arm_base_link
8.5801,0.406505,0.532291,-0.716369,-0.188680,0.000000,0.449050,0.193308,0.346137,0.02784,upper_arm_link,arm_base_link
8.6001,0.406505,0.532291,-0.716369,-0.188680,0.000000,0.449050,0.193308,0.346137,0.02784,upper_arm_link,arm_base_link
8.6201,0.406505,0.532291,-0.716369,-0.188680,0.000000,0.449050,0.193308,0.346137,0.02784,upper_arm_link,arm_base_link
8.6401,0.406505,0.532291,-0.714835,-0.188680,0.000000,0.449182,0.193365,0.345609,0.02784,upper_arm_link,arm_base_link
8.6601,0.404971,0.532291,-0.716369,-0.188680,0.000000,0.449346,0.192619,0.346137,0.02776,upper_arm_link,arm_base_link
8.6801,0.404971,0.532291,-0.714835,-0.188680,0.000000,0.449479,0.192676,0.345609,0.02776,upper_arm_link,arm_base_link
8.7001,0.406505,0.532291,-0.716369,-0.188680,0.000000,0.449050,0.193308,0.346137,0.02784,upper_arm_link,arm_base_link
8.7201,0.406505,0.532291,-0.714835,-0.188680,0.000000,0.449182,0.193365,0.345609,0.02784,upper_arm_link,arm_base_link
8.7401,0.406505,0.532291,-0.716369,-0.188680,0.000000,0.449050,0.193308,0.346137,0.02784,upper_arm_link,arm_base_link
8.7601,0.406505,0.532291,-0.716369,-0.190214,0.000000,0.448968,0.193273,0.346364,0.02784,upper_arm_link,arm_base_link
8.7801,0.406505,0.532291,-0.714835,-0.188680,0.000000,0.449182,0.193365,0.345609,0.02784,upper_arm_link,arm_base_link
8.8001,0.406505,0.532291,-0.716369,-0.190214,0.000000,0.448968,0.193273,0.346364,0.02784,upper_arm_link,arm_base_link
8.8201,0.406505,0.532291,-0.716369,-0.190214,0.000000,0.448968,0.193273,0.346364,0.02784,upper_arm_link,arm_base_link
8.8401,0.406505,0.532291,-0.716369,-0.190214,0.000000,0.448968,0.193273,0.346364,0.02784,upper_arm_link,arm_base_link
8.8601,0.406505,0.532291,-0.716369,-0.188680,0.000000,0.449050,0.193308,0.346137,0.02784,upper_arm_link,arm_base_link
8.8801,0.404971,0.532291,-0.716369,-0.190214,0.000000,0.449264,0.192584,0.346364,0.02776,upper_arm_link,arm_base_link
8.9001,0.406505,0.532291,-0.716369,-0.188680,0.000000,0.449050,0.193308,0.346137,0.02784,upper_arm_link,arm_base_link
8.9201,0.406505,0.532291,-0.716369,-0.188680,0.000000,0.449050,0.193308,0.346137,0.02784,upper_arm_link,arm_base_link
8.9401,0.404971,0.532291,-0.714835,-0.188680,0.000000,0.449479,0.192676,0.345609,0.02776,upper_arm_link,arm_base_link
8.9601,0.406505,0.532291,-0.716369,-0.190214,0.000000,0.448968,0.193273,0.346364,0.02784,upper_arm_link,arm_base_link
8.9801,0.406505,0.532291,-0.716369,-0.188680,0.000000,0.449050,0.193308,0.346137,0.02784,upper_arm_link,arm_base_link
9.0001,0.406505,0.532291,-0.716369,-0.188680,0.000000,0.449050,0.193308,0.346137,0.02784,upper_arm_link,arm_base_link
9.0201,0.406505,0.532291,-0.716369,-0.190214,0.000000,0.448968,0.193273,0.346364,0.02784,upper_arm_link,arm_base_link
9.0401,0.404971,0.532291,-0.716369,-0.188680,0.000000,0.449346,0.192619,0.346137,0.02776,upper_arm_link,arm_base_link
9.0601,0.406505,0.532291,-0.716369,-0.190214,0.000000,0.448968,0.193273,0.346364,0.02784,upper_arm_link,arm_base_link
9.0801,0.406505,0.532291,-0.716369,-0.190214,0.000000,0.448968,0.193273,0.346364,0.02784,upper_arm_link,arm_base_link
9.1001,0.406505,0.532291,-0.716369,-0.188680,0.000000,0.449050,0.193308,0.346137,0.02784,upper_arm_link,arm_base_link
9.1201,0.406505,0.532291,-0.716369,-0.188680,0.000000,0.449050,0.193308,0.346137,0.02784,upper_arm_link,arm_base_link
9.1401,0.406505,0.532291,-0.716369,-0.190214,0.000000,0.448968,0.193273,0.346364,0.02784,upper_arm_link,arm_base_link
9.1601,0.406505,0.532291,-0.719437,-0.188680,0.000000,0.448783,0.193193,0.347193,0.02784,upper_arm_link,arm_base_link
9.1801,0.406505,0.532291,-0.724039,-0.188680,0.000000,0.448376,0.193018,0.348775,0.02784,upper_arm_link,arm_base_link
9.2001,0.406505,0.532291,-0.727107,-0.190214,0.000000,0.448017,0.192863,0.350055,0.02784,upper_arm_link,arm_base_link
9.2201,0.406505,0.532291,-0.731709,-0.188680,0.000000,0.447683,0.192720,0.351408,0.02784,upper_arm_link,arm_base_link
9.2401,0.406505,0.532291,-0.737845,-0.188680,0.000000,0.447116,0.192475,0.353509,0.02784,upper_arm_link,arm_base_link
9.2601,0.406505,0.532291,-0.742447,-0.188680,0.000000,0.446682,0.192289,0.355083,0.02784,upper_arm_link,arm_base_link
9.2801,0.406505,0.532291,-0.747049,-0.188680,0.000000,0.446243,0.192099,0.356655,0.02784,upper_arm_link,arm_base_link
9.3001,0.406505,0.532291,-0.750117,-0.190214,0.000000,0.445857,0.191933,0.357924,0.02784,upper_arm_link,arm_base_link
9.3201,0.404971,0.532291,-0.753185,-0.188680,0.000000,0.445939,0.191159,0.358746,0.02776,upper_arm_link,arm_base_link
9.3401,0.406505,0.532291,-0.754719,-0.188680,0.000000,0.445494,0.191777,0.359269,0.02784,upper_arm_link,arm_base_link
9.3601,0.404971,0.532291,-0.756253,-0.190214,0.000000,0.445546,0.190990,0.360014,0.02776,upper_arm_link,arm_base_link
9.3801,0.404971,0.532291,-0.756253,-0.190214,0.000000,0.445546,0.190990,0.360014,0.02776,upper_arm_link,arm_base_link
9.4001,0.406505,0.532291,-0.756253,-0.190214,0.000000,0.445253,0.191673,0.360014,0.02784,upper_arm_link,arm_base_link
9.4201,0.406505,0.532291,-0.756253,-0.190214,0.000000,0.445253,0.191673,0.360014,0.02784,upper_arm_link,arm_base_link
9.4401,0.406505,0.532291,-0.756253,-0.190214,0.000000,0.445253,0.191673,0.360014,0.02784,upper_arm_link,arm_base_link
9.4601,0.406505,0.532291,-0.756253,-0.188680,0.000000,0.445343,0.191712,0.359791,0.02784,upper_arm_link,arm_base_link
9.4801,0.406505,0.532291,-0.756253,-0.188680,0.000000,0.445343,0.191712,0.359791,0.02784,upper_arm_link,arm_base_link
9.5001,0.406505,0.533825,-0.756253,-0.188680,0.000000,0.445701,0.191866,0.359047,0.02777,upper_arm_link,arm_base_link
9.5201,0.406505,0.532291,-0.756253,-0.190214,0.000000,0.445253,0.191673,0.360014,0.02784,upper_arm_link,arm_base_link
9.5401,0.406505,0.533825,-0.756253,-0.190214,0.000000,0.445612,0.191828,0.359270,0.02777,upper_arm_link,arm_base_link
9.5601,0.404971,0.533825,-0.756253,-0.188680,0.000000,0.445995,0.191183,0.359047,0.02788,upper_arm_link,arm_base_link
9.5801,0.406505,0.532291,-0.754719,-0.188680,0.000000,0.445494,0.191777,0.359269,0.02784,upper_arm_link,arm_base_link
9.6001,0.406505,0.533825,-0.756253,-0.188680,0.000000,0.445701,0.191866,0.359047,0.02777,upper_arm_link,arm_base_link
9.6201,0.406505,0.533825,-0.756253,-0.188680,0.000000,0.445701,0.191866,0.359047,0.02777,upper_arm_link,arm_base_link
9.6401,0.406505,0.533825,-0.756253,-0.190214,0.000000,0.445612,0.191828,0.359270,0.02777,upper_arm_link,arm_base_link
9.6601,0.406505,0.535359,-0.756253,-0.188680,0.000000,0.446059,0.192020,0.358302,0.02778,upper_arm_link,arm_base_link
9.6801,0.406505,0.535359,-0.756253,-0.190214,0.000000,0.445970,0.191982,0.358525,0.02778,upper_arm_link,arm_base_link
9.7001,0.406505,0.536893,-0.756253,-0.188680,0.000000,0.446416,0.192174,0.357557,0.02790,upper_arm_link,arm_base_link
9.7201,0.406505,0.538427,-0.756253,-0.188680,0.000000,0.446771,0.192327,0.356811,0.02791,upper_arm_link,arm_base_link
9.7401,0.406505,0.539961,-0.756253,-0.188680,0.000000,0.447126,0.192480,0.356065,0.02793,upper_arm_link,arm_base_link
9.7601,0.406505,0.541495,-0.756253,-0.188680,0.000000,0.447479,0.192632,0.355318,0.02795,upper_arm_link,arm_base_link
9.7801,0.406505,0.543029,-0.756253,-0.188680,0.000000,0.447832,0.192784,0.354570,0.02784,upper_arm_link,arm_base_link
9.8001,0.406505,0.544563,-0.756253,-0.188680,0.000000,0.448183,0.192935,0.353822,0.02785,upper_arm_link,arm_base_link
9.8201,0.406505,0.544563,-0.756253,-0.190214,0.000000,0.448096,0.192897,0.354046,0.02785,upper_arm_link,arm_base_link
9.8401,0.406505,0.546097,-0.756253,-0.188680,0.000000,0.448533,0.193086,0.353073,0.02786,upper_arm_link,arm_base_link
9.8601,0.406505,0.546097,-0.756253,-0.188680,0.000000,0.448533,0.193086,0.353073,0.02786,upper_arm_link,arm_base_link
9.8801,0.406505,0.546097,-0.756253,-0.190214,0.000000,0.448446,0.193048,0.353297,0.02786,upper_arm_link,arm_base_link
9.9001,0.406505,0.546097,-0.756253,-0.188680,0.000000,0.448533,0.193086,0.353073,0.02786,upper_arm_link,arm_base_link
9.9201,0.406505,0.546097,-0.756253,-0.188680,0.000000,0.448533,0.193086,0.353073,0.02786,upper_arm_link,arm_base_link
9.9401,0.406505,0.546097,-0.756253,-0.188680,0.000000,0.448533,0.193086,0.353073,0.02786,upper_arm_link,arm_base_link
9.9601,0.406505,0.546097,-0.756253,-0.188680,0.000000,0.448533,0.193086,0.353073,0.02786,upper_arm_link,arm_base_link
9.9801,0.406505,0.546097,-0.756253,-0.190214,0.000000,0.448446,0.193048,0.353297,0.02786,upper_arm_link,arm_base_link
10.0001,0.406505,0.546097,-0.756253,-0.190214,0.000000,0.448446,0.193048,0.353297,0.02786,upper_arm_link,arm_base_link
10.0201,0.406505,0.546097,-0.756253,-0.190214,0.000000,0.448446,0.193048,0.353297,0.02786,upper_arm_link,arm_base_link
10.0401,0.406505,0.546097,-0.756253,-0.190214,0.000000,0.448446,0.193048,0.353297,0.02786,upper_arm_link,arm_base_link
10.0601,0.404971,0.546097,-0.756253,-0.188680,0.000000,0.448829,0.192397,0.353073,0.02787,upper_arm_link,arm_base_link
10.0801,0.406505,0.546097,-0.756253,-0.190214,0.000000,0.448446,0.193048,0.353297,0.02786,upper_arm_link,arm_base_link
10.1001,0.406505,0.546097,-0.756253,-0.190214,0.000000,0.448446,0.193048,0.353297,0.02786,upper_arm_link,arm_base_link
10.1201,0.406505,0.546097,-0.756253,-0.188680,0.000000,0.448533,0.193086,0.353073,0.02786,upper_arm_link,arm_base_link
10.1401,0.406505,0.546097,-0.756253,-0.188680,0.000000,0.448533,0.193086,0.353073,0.02786,upper_arm_link,arm_base_link
10.1601,0.406505,0.546097,-0.756253,-0.188680,0.000000,0.448533,0.193086,0.353073,0.02786,upper_arm_link,arm_base_link
10.1801,0.406505,0.546097,-0.756253,-0.188680,0.000000,0.448533,0.193086,0.353073,0.02786,upper_arm_link,arm_base_link
10.2001,0.406505,0.546097,-0.756253,-0.188680,0.000000,0.448533,0.193086,0.353073,0.02786,upper_arm_link,arm_base_link
10.2201,0.406505,0.546097,-0.756253,-0.190214,0.000000,0.448446,0.193048,0.353297,0.02786,upper_arm_link,arm_base_link
10.2401,0.406505,0.546097,-0.756253,-0.188680,0.000000,0.448533,0.193086,0.353073,0.02786,upper_arm_link,arm_base_link
10.2601,0.406505,0.546097,-0.756253,-0.188680,0.000000,0.448533,0.193086,0.353073,0.02786,upper_arm_link,arm_base_link
10.2801,0.406505,0.546097,-0.756253,-0.190214,0.000000,0.448446,0.193048,0.353297,0.02786,upper_arm_link,arm_base_link
10.3001,0.406505,0.546097,-0.756253,-0.188680,0.000000,0.448533,0.193086,0.353073,0.02786,upper_arm_link,arm_base_link
10.3201,0.406505,0.546097,-0.756253,-0.188680,0.000000,0.448533,0.193086,0.353073,0.02786,upper_arm_link,arm_base_link
10.3401,0.406505,0.546097,-0.756253,-0.190214,0.000000,0.448446,0.193048,0.353297,0.02786,upper_arm_link,arm_base_link
10.3601,0.406505,0.546097,-0.756253,-0.190214,0.000000,0.448446,0.193048,0.353297,0.02786,upper_arm_link,arm_base_link
10.3801,0.406505,0.546097,-0.756253,-0.190214,0.000000,0.448446,0.193048,0.353297,0.02786,upper_arm_link,arm_base_link
10.4001,0.404971,0.546097,-0.756253,-0.190214,0.000000,0.448742,0.192360,0.353297,0.02787,upper_arm_link,arm_base_link
10.4201,0.406505,0.546097,-0.756253,-0.188680,0.000000,0.448533,0.193086,0.353073,0.02786,upper_arm_link,arm_base_link
10.4401,0.406505,0.546097,-0.756253,-0.188680,0.000000,0.448533,0.193086,0.353073,0.02786,upper_arm_link,arm_base_link
10.4601,0.406505,0.546097,-0.756253,-0.188680,0.000000,0.448533,0.193086,0.353073,0.02786,upper_arm_link,arm_base_link
10.4801,0.406505,0.546097,-0.756253,-0.190214,0.000000,0.448446,0.193048,0.353297,0.02786,upper_arm_link,arm_base_link
10.5001,0.406505,0.546097,-0.754719,-0.188680,0.000000,0.448678,0.193148,0.352549,0.02786,upper_arm_link,arm_base_link
10.5201,0.406505,0.546097,-0.756253,-0.188680,0.000000,0.448533,0.193086,0.353073,0.02786,upper_arm_link,arm_base_link
10.5401,0.404971,0.546097,-0.756253,-0.188680,0.000000,0.448829,0.192397,0.353073,0.02787,upper_arm_link,arm_base_link
10.5601,0.404971,0.546097,-0.756253,-0.190214,0.000000,0.448742,0.192360,0.353297,0.02787,upper_arm_link,arm_base_link
10.5801,0.406505,0.546097,-0.756253,-0.188680,0.000000,0.448533,0.193086,0.353073,0.02786,upper_arm_link,arm_base_link
10.6001,0.404971,0.546097,-0.756253,-0.188680,0.000000,0.448829,0.192397,0.353073,0.02787,upper_arm_link,arm_base_link
10.6201,0.406505,0.546097,-0.756253,-0.190214,0.000000,0.448446,0.193048,0.353297,0.02786,upper_arm_link,arm_base_link
10.6401,0.406505,0.546097,-0.756253,-0.190214,0.000000,0.448446,0.193048,0.353297,0.02786,upper_arm_link,arm_base_link
10.6601,0.406505,0.546097,-0.756253,-0.190214,0.000000,0.448446,0.193048,0.353297,0.02786,upper_arm_link,arm_base_link
10.6801,0.406505,0.546097,-0.756253,-0.190214,0.000000,0.448446,0.193048,0.353297,0.02786,upper_arm_link,arm_base_link
10.7001,0.406505,0.546097,-0.756253,-0.190214,0.000000,0.448446,0.193048,0.353297,0.02786,upper_arm_link,arm_base_link
10.7201,0.404971,0.546097,-0.754719,-0.188680,0.000000,0.448974,0.192460,0.352549,0.02787,upper_arm_link,arm_base_link
10.7401,0.404971,0.546097,-0.756253,-0.190214,0.000000,0.448742,0.192360,0.353297,0.02787,upper_arm_link,arm_base_link
10.7601,0.406505,0.546097,-0.756253,-0.188680,0.000000,0.448533,0.193086,0.353073,0.02786,upper_arm_link,arm_base_link
10.7801,0.406505,0.546097,-0.756253,-0.190214,0.000000,0.448446,0.193048,0.353297,0.02786,upper_arm_link,arm_base_link
10.8001,0.406505,0.546097,-0.756253,-0.190214,0.000000,0.448446,0.193048,0.353297,0.02786,upper_arm_link,arm_base_link
10.8201,0.406505,0.546097,-0.756253,-0.188680,0.000000,0.448533,0.193086,0.353073,0.02786,upper_arm_link,arm_base_link
10.8401,0.406505,0.546097,-0.756253,-0.188680,0.000000,0.448533,0.193086,0.353073,0.02786,upper_arm_link,arm_base_link
10.8601,0.406505,0.546097,-0.756253,-0.190214,0.000000,0.448446,0.193048,0.353297,0.02786,upper_arm_link,arm_base_link
10.8801,0.406505,0.546097,-0.756253,-0.188680,0.000000,0.448533,0.193086,0.353073,0.02786,upper_arm_link,arm_base_link
10.9001,0.406505,0.546097,-0.756253,-0.188680,0.000000,0.448533,0.193086,0.353073,0.02786,upper_arm_link,arm_base_link
10.9201,0.406505,0.546097,-0.756253,-0.188680,0.000000,0.448533,0.193086,0.353073,0.02786,upper_arm_link,arm_base_link
10.9401,0.406505,0.546097,-0.756253,-0.188680,0.000000,0.448533,0.193086,0.353073,0.02786,upper_arm_link,arm_base_link
10.9601,0.406505,0.546097,-0.756253,-0.190214,0.000000,0.448446,0.193048,0.353297,0.02786,upper_arm_link,arm_base_link
10.9801,0.406505,0.546097,-0.756253,-0.190214,0.000000,0.448446,0.193048,0.353297,0.02786,upper_arm_link,arm_base_link
11.0001,0.406505,0.546097,-0.756253,-0.188680,0.000000,0.448533,0.193086,0.353073,0.02786,upper_arm_link,arm_base_link
11.0201,0.406505,0.546097,-0.756253,-0.190214,0.000000,0.448446,0.193048,0.353297,0.02786,upper_arm_link,arm_base_link
11.0401,0.406505,0.546097,-0.756253,-0.188680,0.000000,0.448533,0.193086,0.353073,0.02786,upper_arm_link,arm_base_link
11.0602,0.406505,0.546097,-0.756253,-0.188680,0.000000,0.448533,0.193086,0.353073,0.02786,upper_arm_link,arm_base_link
11.0801,0.406505,0.546097,-0.756253,-0.188680,0.000000,0.448533,0.193086,0.353073,0.02786,upper_arm_link,arm_base_link
11.1001,0.404971,0.546097,-0.756253,-0.188680,0.000000,0.448829,0.192397,0.353073,0.02787,upper_arm_link,arm_base_link
11.1201,0.404971,0.546097,-0.756253,-0.190214,0.000000,0.448742,0.192360,0.353297,0.02787,upper_arm_link,arm_base_link
11.1401,0.406505,0.544563,-0.756253,-0.188680,0.000000,0.448183,0.192935,0.353822,0.02785,upper_arm_link,arm_base_link
11.1601,0.406505,0.546097,-0.756253,-0.188680,0.000000,0.448533,0.193086,0.353073,0.02786,upper_arm_link,arm_base_link
11.1801,0.406505,0.546097,-0.756253,-0.190214,0.000000,0.448446,0.193048,0.353297,0.02786,upper_arm_link,arm_base_link
11.2001,0.406505,0.546097,-0.756253,-0.188680,0.000000,0.448533,0.193086,0.353073,0.02786,upper_arm_link,arm_base_link
11.2201,0.406505,0.546097,-0.756253,-0.188680,0.000000,0.448533,0.193086,0.353073,0.02786,upper_arm_link,arm_base_link
11.2401,0.404971,0.546097,-0.756253,-0.190214,0.000000,0.448742,0.192360,0.353297,0.02787,upper_arm_link,arm_base_link
11.2601,0.406505,0.546097,-0.754719,-0.190214,0.000000,0.448592,0.193111,0.352773,0.02786,upper_arm_link,arm_base_link
11.2802,0.406505,0.546097,-0.754719,-0.188680,0.000000,0.448678,0.193148,0.352549,0.02786,upper_arm_link,arm_base_link
11.3002,0.406505,0.546097,-0.756253,-0.188680,0.000000,0.448533,0.193086,0.353073,0.02786,upper_arm_link,arm_base_link
11.3202,0.406505,0.546097,-0.756253,-0.190214,0.000000,0.448446,0.193048,0.353297,0.02786,upper_arm_link,arm_base_link
11.3401,0.406505,0.546097,-0.756253,-0.188680,0.000000,0.448533,0.193086,0.353073,0.02786,upper_arm_link,arm_base_link
11.3601,0.406505,0.546097,-0.756253,-0.188680,0.000000,0.448533,0.193086,0.353073,0.02786,upper_arm_link,arm_base_link
11.3801,0.406505,0.546097,-0.756253,-0.188680,0.000000,0.448533,0.193086,0.353073,0.02786,upper_arm_link,arm_base_link
11.4001,0.406505,0.546097,-0.756253,-0.188680,0.000000,0.448533,0.193086,0.353073,0.02786,upper_arm_link,arm_base_link
11.4201,0.406505,0.546097,-0.756253,-0.188680,0.000000,0.448533,0.193086,0.353073,0.02786,upper_arm_link,arm_base_link
11.4401,0.406505,0.546097,-0.756253,-0.188680,0.000000,0.448533,0.193086,0.353073,0.02786,upper_arm_link,arm_base_link
11.4601,0.404971,0.546097,-0.756253,-0.188680,0.000000,0.448829,0.192397,0.353073,0.02787,upper_arm_link,arm_base_link
11.4801,0.406505,0.546097,-0.756253,-0.188680,0.000000,0.448533,0.193086,0.353073,0.02786,upper_arm_link,arm_base_link
11.5001,0.406505,0.546097,-0.756253,-0.190214,0.000000,0.448446,0.193048,0.353297,0.02786,upper_arm_link,arm_base_link
11.5201,0.406505,0.546097,-0.756253,-0.188680,0.000000,0.448533,0.193086,0.353073,0.02786,upper_arm_link,arm_base_link
11.5402,0.406505,0.546097,-0.756253,-0.190214,0.000000,0.448446,0.193048,0.353297,0.02786,upper_arm_link,arm_base_link
11.5601,0.406505,0.546097,-0.756253,-0.188680,0.000000,0.448533,0.193086,0.353073,0.02786,upper_arm_link,arm_base_link
11.5801,0.406505,0.546097,-0.756253,-0.188680,0.000000,0.448533,0.193086,0.353073,0.02786,upper_arm_link,arm_base_link
11.6001,0.406505,0.546097,-0.756253,-0.188680,0.000000,0.448533,0.193086,0.353073,0.02786,upper_arm_link,arm_base_link
11.6201,0.406505,0.546097,-0.756253,-0.188680,0.000000,0.448533,0.193086,0.353073,0.02786,upper_arm_link,arm_base_link
11.6401,0.406505,0.546097,-0.754719,-0.188680,0.000000,0.448678,0.193148,0.352549,0.02786,upper_arm_link,arm_base_link
11.6601,0.404971,0.546097,-0.756253,-0.188680,0.000000,0.448829,0.192397,0.353073,0.02787,upper_arm_link,arm_base_link
