time,waist,shoulder,elbow,wrist_angle,wrist_rotate,ee_x,ee_y,ee_z
0.0000,-0.001534,0.055223,0.124252,0.024544,0.000000,0.413036,-0.000634,0.233929
0.0200,-0.001422,0.056544,0.126501,0.024742,-0.000003,0.413045,-0.000587,0.232562
0.0400,-0.000669,0.058554,0.129973,0.025465,-0.000009,0.413033,-0.000276,0.230399
0.0600,0.000665,0.060265,0.132670,0.026543,-0.000014,0.413015,0.000275,0.228578
0.0800,0.002376,0.061477,0.134175,0.027331,-0.000018,0.413025,0.000981,0.227427
0.1000,0.004317,0.062223,0.134650,0.027634,-0.000019,0.413068,0.001783,0.226905
0.1200,0.006399,0.062581,0.134691,0.027740,-0.000020,0.413100,0.002643,0.226727
0.1400,0.008564,0.062759,0.134545,0.027792,-0.000019,0.413124,0.003538,0.226696
0.1600,0.010779,0.062885,0.134029,0.027811,-0.000019,0.413169,0.004454,0.226822
0.1800,0.013025,0.062962,0.133157,0.027803,-0.000019,0.413232,0.005383,0.227097
0.2000,0.015288,0.063004,0.132021,0.027771,-0.000018,0.413309,0.006319,0.227483
0.2200,0.017561,0.063038,0.130705,0.027716,-0.000018,0.413397,0.007260,0.227940
0.2400,0.019837,0.063071,0.129281,0.027637,-0.000017,0.413490,0.008204,0.228438
0.2600,0.022116,0.063105,0.127792,0.027535,-0.000017,0.413586,0.009148,0.228963
0.2800,0.024394,0.063141,0.126260,0.027411,-0.000016,0.413683,0.010093,0.229505
0.3000,0.026671,0.063179,0.124700,0.027266,-0.000016,0.413780,0.011039,0.230060
0.3200,0.028947,0.063226,0.123122,0.027057,-0.000015,0.413879,0.011984,0.230627
0.3400,0.031221,0.063294,0.121530,0.026697,-0.000015,0.413983,0.012929,0.231215
0.3600,0.033492,0.063378,0.119921,0.026199,-0.000014,0.414092,0.013874,0.231823
0.3800,0.035762,0.063478,0.118293,0.025603,-0.000014,0.414204,0.014819,0.232447
0.4000,0.038030,0.063591,0.116646,0.024940,-0.000013,0.414318,0.015764,0.233083
0.4200,0.040295,0.063719,0.114983,0.024234,-0.000013,0.414433,0.016709,0.233725
0.4400,0.042559,0.063861,0.113307,0.023500,-0.000013,0.414548,0.017653,0.234370
0.4600,0.044820,0.064019,0.111618,0.022748,-0.000012,0.414664,0.018598,0.235017
0.4800,0.047079,0.064192,0.109917,0.021984,-0.000012,0.414779,0.019542,0.235663
0.5000,0.049336,0.064380,0.108205,0.021211,-0.000011,0.414893,0.020486,0.236309
0.5200,0.051590,0.064582,0.106480,0.020431,-0.000011,0.415008,0.021429,0.236955
0.5400,0.053843,0.064800,0.104743,0.019644,-0.000011,0.415122,0.022373,0.237599
0.5600,0.056093,0.065033,0.102994,0.018851,-0.000010,0.415235,0.023316,0.238243
0.5800,0.058341,0.065280,0.101232,0.018053,-0.000010,0.415348,0.024259,0.238887
0.6000,0.060587,0.065542,0.099457,0.017249,-0.000010,0.415460,0.025202,0.239531
0.6200,0.062831,0.065818,0.097668,0.016439,-0.000009,0.415573,0.026145,0.240174
0.6400,0.065072,0.066109,0.095867,0.015624,-0.000009,0.415684,0.027088,0.240816
0.6600,0.067311,0.066414,0.094052,0.014803,-0.000009,0.415795,0.028030,0.241459
0.6800,0.069547,0.066734,0.092224,0.013977,-0.000009,0.415906,0.028972,0.242101
0.7000,0.071782,0.067069,0.090382,0.013146,-0.000008,0.416016,0.029914,0.242743
0.7200,0.074013,0.067418,0.088527,0.012309,-0.000008,0.416126,0.030855,0.243384
0.7400,0.076243,0.067782,0.086659,0.011467,-0.000008,0.416236,0.031797,0.244026
0.7600,0.078470,0.068160,0.084777,0.010619,-0.000008,0.416345,0.032738,0.244667
0.7800,0.080694,0.068553,0.082881,0.009766,-0.000007,0.416453,0.033679,0.245307
0.8000,0.082916,0.068961,0.080972,0.008908,-0.000007,0.416561,0.034619,0.245948
0.8200,0.085136,0.069383,0.079049,0.008045,-0.000007,0.416669,0.035559,0.246588
0.8400,0.087353,0.069820,0.077113,0.007176,-0.000007,0.416776,0.036499,0.247227
0.8600,0.089567,0.070272,0.075163,0.006302,-0.000006,0.416883,0.037439,0.247867
0.8800,0.091779,0.070739,0.073199,0.005423,-0.000006,0.416990,0.038379,0.248506
0.9000,0.093988,0.071220,0.071221,0.004538,-0.000006,0.417096,0.039318,0.249144
0.9200,0.096194,0.071716,0.069230,0.003649,-0.000006,0.417202,0.040257,0.249783
0.9400,0.098398,0.072227,0.067225,0.002754,-0.000006,0.417307,0.041195,0.250421
0.9600,0.100599,0.072753,0.065206,0.001854,-0.000006,0.417412,0.042134,0.251058
0.9800,0.102798,0.073294,0.063173,0.000948,-0.000005,0.417516,0.043072,0.251696
1.0000,0.104993,0.073850,0.061126,0.000038,-0.000005,0.417621,0.044009,0.252333
1.0200,0.107186,0.074420,0.059066,-0.000878,-0.000005,0.417724,0.044946,0.252969
1.0400,0.109376,0.075006,0.056991,-0.001798,-0.000005,0.417828,0.045883,0.253605
1.0600,0.111563,0.075606,0.054902,-0.002724,-0.000005,0.417931,0.046820,0.254241
1.0800,0.113748,0.076221,0.052799,-0.003655,-0.000005,0.418034,0.047756,0.254877
1.1000,0.115929,0.076852,0.050682,-0.004591,-0.000004,0.418136,0.048692,0.255512
1.1200,0.118107,0.077497,0.048551,-0.005532,-0.000004,0.418238,0.049628,0.256146
1.1400,0.120283,0.078158,0.046405,-0.006478,-0.000004,0.418340,0.050563,0.256781
1.1600,0.122456,0.078833,0.044245,-0.007430,-0.000004,0.418441,0.051498,0.257414
1.1800,0.124625,0.079524,0.042071,-0.008386,-0.000004,0.418542,0.052433,0.258048
1.2000,0.126792,0.080230,0.039883,-0.009347,-0.000004,0.418642,0.053367,0.258681
1.2200,0.128955,0.080951,0.037680,-0.010313,-0.000004,0.418743,0.054300,0.259313
1.2400,0.131116,0.081687,0.035463,-0.011284,-0.000004,0.418843,0.055234,0.259946
1.2600,0.133273,0.082438,0.033231,-0.012261,-0.000003,0.418942,0.056167,0.260577
1.2800,0.135427,0.083205,0.030984,-0.013242,-0.000003,0.419042,0.057099,0.261209
1.3000,0.137578,0.083987,0.028723,-0.014228,-0.000003,0.419141,0.058031,0.261840
1.3200,0.139726,0.084784,0.026448,-0.015219,-0.000003,0.419240,0.058963,0.262470
1.3400,0.141871,0.085597,0.024157,-0.016214,-0.000003,0.419338,0.059894,0.263100
1.3600,0.144012,0.086424,0.021852,-0.017215,-0.000003,0.419436,0.060825,0.263730
1.3800,0.146150,0.087268,0.019532,-0.018221,-0.000003,0.419534,0.061755,0.264359
1.4000,0.148285,0.088126,0.017197,-0.019231,-0.000003,0.419632,0.062685,0.264987
1.4200,0.150417,0.089000,0.014848,-0.020246,-0.000003,0.419729,0.063615,0.265615
1.4400,0.152545,0.089890,0.012483,-0.021266,-0.000003,0.419826,0.064544,0.266243
1.4600,0.154670,0.090795,0.010103,-0.022291,-0.000003,0.419923,0.065472,0.266870
1.4800,0.156791,0.091715,0.007708,-0.023321,-0.000002,0.420019,0.066400,0.267497
1.5000,0.158909,0.092651,0.005298,-0.024355,-0.000002,0.420116,0.067328,0.268123
1.5200,0.161023,0.093603,0.002873,-0.025394,-0.000002,0.420212,0.068255,0.268749
1.5400,0.163134,0.094570,0.000433,-0.026438,-0.000002,0.420307,0.069181,0.269374
1.5600,0.165241,0.095553,-0.002023,-0.027486,-0.000002,0.420403,0.070107,0.269998
1.5800,0.167345,0.096551,-0.004494,-0.028539,-0.000002,0.420498,0.071033,0.270622
1.6000,0.169445,0.097566,-0.006981,-0.029597,-0.000002,0.420594,0.071958,0.271246
1.6200,0.171542,0.098596,-0.009483,-0.030659,-0.000002,0.420688,0.072882,0.271869
1.6400,0.173635,0.099641,-0.012001,-0.031726,-0.000002,0.420783,0.073806,0.272492
1.6600,0.175724,0.100703,-0.014534,-0.032798,-0.000002,0.420878,0.074729,0.273113
1.6800,0.177809,0.101780,-0.017083,-0.033874,-0.000002,0.420972,0.075652,0.273735
1.7000,0.179891,0.102874,-0.019648,-0.034955,-0.000002,0.421066,0.076574,0.274356
1.7200,0.181969,0.103983,-0.022229,-0.036040,-0.000002,0.421160,0.077495,0.274976
1.7400,0.184043,0.105108,-0.024826,-0.037130,-0.000002,0.421254,0.078416,0.275596
1.7600,0.186113,0.106249,-0.027439,-0.038224,-0.000002,0.421347,0.079336,0.276215
1.7800,0.188179,0.107406,-0.030067,-0.039322,-0.000001,0.421441,0.080256,0.276833
1.8000,0.190242,0.108580,-0.032712,-0.040426,-0.000001,0.421534,0.081175,0.277451
1.8200,0.192300,0.109769,-0.035373,-0.041533,-0.000001,0.421627,0.082093,0.278068
1.8400,0.194354,0.110975,-0.038051,-0.042645,-0.000001,0.421720,0.083011,0.278685
1.8600,0.196405,0.112197,-0.040745,-0.043761,-0.000001,0.421813,0.083928,0.279301
1.8800,0.198451,0.113435,-0.043455,-0.044882,-0.000001,0.421906,0.084844,0.279916
1.9000,0.200493,0.114689,-0.046182,-0.046007,-0.000001,0.421999,0.085760,0.280531
1.9200,0.202531,0.115959,-0.048925,-0.047136,-0.000001,0.422091,0.086675,0.281145
1.9400,0.204565,0.117246,-0.051686,-0.048270,-0.000001,0.422184,0.087589,0.281758
1.9600,0.206595,0.118550,-0.054463,-0.049408,-0.000001,0.422276,0.088503,0.282371
1.9800,0.208621,0.119870,-0.057256,-0.050550,-0.000001,0.422368,0.089416,0.282983
2.0000,0.210642,0.121206,-0.060067,-0.051696,-0.000001,0.422461,0.090328,0.283595
2.0200,0.212659,0.122559,-0.062895,-0.052846,-0.000001,0.422553,0.091239,0.284205
2.0400,0.214671,0.123928,-0.065740,-0.054001,-0.000001,0.422645,0.092150,0.284815
2.0600,0.216679,0.125314,-0.068602,-0.055160,-0.000001,0.422737,0.093059,0.285425
2.0800,0.218683,0.126717,-0.071482,-0.056322,-0.000001,0.422829,0.093968,0.286033
2.1000,0.220682,0.128137,-0.074379,-0.057489,-0.000001,0.422921,0.094876,0.286641
2.1200,0.222677,0.129573,-0.077293,-0.058660,-0.000001,0.423013,0.095784,0.287248
2.1400,0.224667,0.131026,-0.080225,-0.059835,-0.000001,0.423105,0.096690,0.287855
2.1600,0.226652,0.132497,-0.083175,-0.061014,-0.000001,0.423197,0.097596,0.288460
2.1800,0.228633,0.133984,-0.086143,-0.062197,-0.000001,0.423289,0.098500,0.289065
2.2000,0.230610,0.135488,-0.089128,-0.063384,-0.000001,0.423381,0.099404,0.289669
2.2200,0.232581,0.137009,-0.092132,-0.064574,-0.000001,0.423473,0.100307,0.290273
2.2400,0.234548,0.138547,-0.095153,-0.065769,-0.000001,0.423565,0.101209,0.290875
2.2600,0.236510,0.140103,-0.098193,-0.066967,-0.000001,0.423657,0.102110,0.291477
2.2800,0.238467,0.141675,-0.101252,-0.068169,-0.000001,0.423749,0.103010,0.292078
2.3000,0.240419,0.143266,-0.104328,-0.069375,-0.000001,0.423842,0.103909,0.292678
2.3200,0.242366,0.144873,-0.107423,-0.070585,-0.000001,0.423934,0.104807,0.293277
2.3400,0.244308,0.146498,-0.110537,-0.071798,-0.000001,0.424026,0.105704,0.293875
2.3600,0.246245,0.148140,-0.113670,-0.073015,-0.000001,0.424119,0.106601,0.294473
2.3800,0.248177,0.149800,-0.116822,-0.074236,-0.000001,0.424212,0.107496,0.295069
2.4000,0.250104,0.151478,-0.119992,-0.075460,-0.000001,0.424304,0.108390,0.295665
2.4200,0.252025,0.153173,-0.123182,-0.076688,-0.000001,0.424397,0.109283,0.296260
2.4400,0.253942,0.154886,-0.126391,-0.077919,-0.000001,0.424491,0.110174,0.296854
2.4600,0.255853,0.156617,-0.129620,-0.079154,-0.000001,0.424584,0.111065,0.297447
2.4800,0.257759,0.158366,-0.132868,-0.080392,-0.000001,0.424677,0.111955,0.298039
2.5000,0.259659,0.160132,-0.136136,-0.081634,-0.000000,0.424771,0.112843,0.298630
2.5200,0.261554,0.161917,-0.139423,-0.082879,-0.000000,0.424865,0.113730,0.299220
2.5400,0.263443,0.163720,-0.142731,-0.084127,-0.000000,0.424959,0.114616,0.299809
2.5600,0.265327,0.165541,-0.146058,-0.085379,-0.000000,0.425053,0.115501,0.300397
2.5800,0.267205,0.167381,-0.149406,-0.086634,-0.000000,0.425148,0.116385,0.300984
2.6000,0.269077,0.169239,-0.152774,-0.087892,-0.000000,0.425243,0.117267,0.301570
2.6200,0.270943,0.171115,-0.156163,-0.089153,-0.000000,0.425338,0.118148,0.302155
2.6400,0.272804,0.173010,-0.159572,-0.090417,-0.000000,0.425433,0.119027,0.302739
2.6600,0.274659,0.174923,-0.163002,-0.091684,-0.000000,0.425529,0.119906,0.303322
2.6800,0.276508,0.176856,-0.166453,-0.092955,-0.000000,0.425625,0.120783,0.303904
2.7000,0.278350,0.178807,-0.169925,-0.094228,-0.000000,0.425722,0.121658,0.304485
2.7200,0.280187,0.180776,-0.173418,-0.095504,-0.000000,0.425819,0.122532,0.305064
2.7400,0.282018,0.182765,-0.176933,-0.096783,-0.000000,0.425916,0.123405,0.305643
2.7600,0.283842,0.184773,-0.180469,-0.098065,-0.000000,0.426013,0.124276,0.306220
2.7800,0.285660,0.186800,-0.184027,-0.099350,-0.000000,0.426112,0.125146,0.306796
2.8000,0.287471,0.188847,-0.187607,-0.100637,-0.000000,0.426210,0.126014,0.307371
2.8200,0.289276,0.190912,-0.191209,-0.101927,-0.000000,0.426309,0.126880,0.307945
2.8400,0.291075,0.192998,-0.194834,-0.103219,-0.000000,0.426408,0.127745,0.308517
2.8600,0.292867,0.195102,-0.198480,-0.104514,-0.000000,0.426508,0.128608,0.309089
2.8800,0.294652,0.197227,-0.202150,-0.105812,-0.000000,0.426609,0.129470,0.309659
2.9000,0.296430,0.199371,-0.205842,-0.107111,-0.000000,0.426710,0.130330,0.310227
2.9200,0.298202,0.201535,-0.209557,-0.108414,-0.000000,0.426811,0.131188,0.310795
2.9400,0.299966,0.203719,-0.213295,-0.109718,-0.000000,0.426913,0.132044,0.311361
2.9600,0.301724,0.205924,-0.217056,-0.111024,-0.000000,0.427016,0.132898,0.311925
2.9800,0.303474,0.208148,-0.220841,-0.112333,-0.000000,0.427119,0.133751,0.312489
3.0000,0.305217,0.210393,-0.224650,-0.113644,-0.000000,0.427223,0.134602,0.313050
3.0200,0.306952,0.212658,-0.228482,-0.114956,-0.000000,0.427328,0.135450,0.313611
3.0400,0.308681,0.214944,-0.232339,-0.116271,-0.000000,0.427433,0.136297,0.314170
3.0600,0.310401,0.217251,-0.236220,-0.117587,-0.000000,0.427540,0.137142,0.314727
3.0800,0.312114,0.219578,-0.240125,-0.118905,-0.000000,0.427646,0.137984,0.315283
3.1000,0.313819,0.221926,-0.244056,-0.120225,-0.000000,0.427754,0.138825,0.315838
3.1200,0.315516,0.224296,-0.248011,-0.121546,-0.000000,0.427863,0.139663,0.316391
3.1400,0.317205,0.226686,-0.251991,-0.122869,-0.000000,0.427972,0.140499,0.316942
3.1600,0.318886,0.229098,-0.255997,-0.124193,-0.000000,0.428082,0.141333,0.317492
3.1800,0.320559,0.231532,-0.260028,-0.125518,-0.000000,0.428193,0.142164,0.318040
3.2000,0.322223,0.233987,-0.264085,-0.126845,-0.000000,0.428305,0.142993,0.318586
3.2200,0.323879,0.236464,-0.268168,-0.128172,-0.000000,0.428418,0.143820,0.319130
3.2400,0.325526,0.238962,-0.272277,-0.129500,-0.000000,0.428532,0.144644,0.319673
3.2600,0.327165,0.241483,-0.276413,-0.130830,-0.000000,0.428647,0.145466,0.320214
3.2800,0.328794,0.244026,-0.280575,-0.132160,-0.000000,0.428763,0.146285,0.320754
3.3000,0.330414,0.246591,-0.284765,-0.133491,-0.000000,0.428880,0.147101,0.321291
3.3200,0.332025,0.249179,-0.288981,-0.134822,-0.000000,0.428999,0.147914,0.321826
3.3400,0.333627,0.251789,-0.293225,-0.136153,-0.000000,0.429118,0.148725,0.322360
3.3600,0.335219,0.254422,-0.297497,-0.137485,-0.000000,0.429239,0.149533,0.322892
3.3800,0.336801,0.257078,-0.301797,-0.138817,-0.000000,0.429361,0.150337,0.323421
3.4000,0.338374,0.259758,-0.306124,-0.140149,-0.000000,0.429484,0.151139,0.323949
3.4200,0.339936,0.262460,-0.310481,-0.141481,-0.000000,0.429609,0.151937,0.324474
3.4400,0.341488,0.265186,-0.314865,-0.142812,-0.000000,0.429735,0.152733,0.324997
3.4600,0.343030,0.267935,-0.319279,-0.144143,-0.000000,0.429862,0.153525,0.325519
3.4800,0.344560,0.270708,-0.323722,-0.145474,-0.000000,0.429991,0.154314,0.326037
3.5000,0.346080,0.273505,-0.328194,-0.146803,-0.000000,0.430121,0.155099,0.326554
3.5200,0.347589,0.276326,-0.332696,-0.148132,-0.000000,0.430253,0.155880,0.327068
3.5400,0.349087,0.279171,-0.337228,-0.149459,-0.000000,0.430387,0.156658,0.327580
3.5600,0.350573,0.282040,-0.341790,-0.150786,-0.000000,0.430522,0.157433,0.328089
3.5800,0.352047,0.284934,-0.346382,-0.152111,-0.000000,0.430659,0.158203,0.328596
3.6000,0.353510,0.287853,-0.351005,-0.153434,-0.000000,0.430798,0.158969,0.329101
3.6200,0.354960,0.290796,-0.355659,-0.154755,-0.000000,0.430939,0.159731,0.329602
3.6400,0.356397,0.293764,-0.360344,-0.156074,-0.000000,0.431081,0.160490,0.330102
3.6600,0.357822,0.296758,-0.365060,-0.157391,-0.000000,0.431226,0.161243,0.330598
3.6800,0.359234,0.299777,-0.369808,-0.158705,-0.000000,0.431372,0.161993,0.331091
3.7000,0.360632,0.302821,-0.374588,-0.160017,-0.000000,0.431521,0.162737,0.331582
3.7200,0.362017,0.305891,-0.379400,-0.161325,-0.000000,0.431672,0.163477,0.332070
3.7400,0.363387,0.308984,-0.384240,-0.162630,-0.000000,0.431825,0.164212,0.332554
3.7600,0.364737,0.312086,-0.389088,-0.163927,-0.000000,0.431978,0.164938,0.333034
3.7800,0.366059,0.315181,-0.393919,-0.165209,-0.000000,0.432133,0.165652,0.333506
3.8000,0.367348,0.318257,-0.398715,-0.166471,-0.000000,0.432287,0.166350,0.333970
3.8200,0.368600,0.321306,-0.403463,-0.167707,-0.000000,0.432441,0.167032,0.334424
3.8400,0.369814,0.324322,-0.408155,-0.168916,-0.000000,0.432595,0.167695,0.334866
3.8600,0.370989,0.327303,-0.412784,-0.170096,-0.000000,0.432748,0.168340,0.335297
3.8800,0.372127,0.330246,-0.417349,-0.171247,-0.000000,0.432901,0.168966,0.335716
3.9000,0.373226,0.333150,-0.421847,-0.172368,-0.000000,0.433053,0.169575,0.336123
3.9200,0.374288,0.336015,-0.426277,-0.173460,-0.000000,0.433205,0.170165,0.336518
3.9400,0.375315,0.338840,-0.430639,-0.174524,-0.000000,0.433356,0.170738,0.336902
3.9600,0.376306,0.341624,-0.434934,-0.175560,-0.000000,0.433507,0.171294,0.337275
3.9800,0.377264,0.344369,-0.439161,-0.176568,-0.000000,0.433656,0.171834,0.337637
4.0000,0.378190,0.347074,-0.443322,-0.177550,-0.000000,0.433805,0.172357,0.337989
4.0200,0.379083,0.349740,-0.447418,-0.178506,-0.000000,0.433953,0.172865,0.338331
4.0400,0.379947,0.352367,-0.451450,-0.179438,-0.000000,0.434100,0.173358,0.338663
4.0600,0.380781,0.354955,-0.455418,-0.180344,-0.000000,0.434246,0.173836,0.338985
4.0800,0.381586,0.357505,-0.459323,-0.181227,-0.000000,0.434391,0.174301,0.339298
4.1000,0.382364,0.360017,-0.463167,-0.182087,-0.000000,0.434535,0.174751,0.339603
4.1200,0.383116,0.362493,-0.466951,-0.182925,-0.000000,0.434678,0.175189,0.339898
4.1400,0.383842,0.364932,-0.470675,-0.183740,-0.000000,0.434820,0.175613,0.340186
4.1600,0.384544,0.367334,-0.474340,-0.184535,-0.000000,0.434962,0.176025,0.340465
4.1800,0.385222,0.369702,-0.477949,-0.185308,-0.000000,0.435102,0.176425,0.340737
4.2000,0.385877,0.372034,-0.481501,-0.186062,-0.000000,0.435241,0.176814,0.341001
4.2200,0.386510,0.374332,-0.484997,-0.186796,-0.000000,0.435379,0.177191,0.341258
4.2400,0.387121,0.376595,-0.488439,-0.187511,-0.000000,0.435517,0.177557,0.341508
4.2600,0.387712,0.378826,-0.491828,-0.188207,-0.000000,0.435653,0.177913,0.341751
4.2800,0.388283,0.381023,-0.495164,-0.188886,-0.000000,0.435788,0.178259,0.341988
4.3000,0.388835,0.383188,-0.498449,-0.189546,-0.000000,0.435922,0.178594,0.342217
4.3200,0.389368,0.385321,-0.501682,-0.190190,-0.000000,0.436055,0.178921,0.342441
4.3400,0.389883,0.387422,-0.504867,-0.190818,-0.000000,0.436187,0.179237,0.342659
4.3600,0.390381,0.389493,-0.508002,-0.191429,-0.000000,0.436318,0.179545,0.342871
4.3800,0.390863,0.391533,-0.511089,-0.192024,-0.000000,0.436448,0.179844,0.343077
4.4000,0.391328,0.393543,-0.514129,-0.192604,-0.000000,0.436577,0.180135,0.343278
4.4200,0.391777,0.395524,-0.517123,-0.193170,-0.000000,0.436704,0.180417,0.343474
4.4400,0.392212,0.397475,-0.520071,-0.193721,-0.000000,0.436831,0.180692,0.343664
4.4600,0.392632,0.399398,-0.522974,-0.194258,-0.000000,0.436956,0.180959,0.343849
4.4800,0.393038,0.401293,-0.525834,-0.194781,-0.000000,0.437081,0.181218,0.344030
4.5000,0.393430,0.403160,-0.528650,-0.195291,-0.000000,0.437204,0.181471,0.344206
4.5200,0.393809,0.405000,-0.531424,-0.195788,-0.000000,0.437327,0.181716,0.344377
4.5400,0.394176,0.406814,-0.534157,-0.196273,-0.000000,0.437448,0.181954,0.344544
4.5600,0.394531,0.408601,-0.536849,-0.196745,-0.000000,0.437568,0.182186,0.344707
4.5800,0.394873,0.410362,-0.539500,-0.197206,-0.000000,0.437687,0.182412,0.344866
4.6000,0.395205,0.412097,-0.542113,-0.197655,-0.000000,0.437805,0.182631,0.345020
4.6200,0.395525,0.413808,-0.544686,-0.198092,-0.000000,0.437922,0.182845,0.345171
4.6400,0.395834,0.415494,-0.547222,-0.198519,-0.000000,0.438038,0.183052,0.345318
4.6600,0.396134,0.417155,-0.549720,-0.198935,-0.000000,0.438152,0.183254,0.345461
4.6800,0.396423,0.418793,-0.552181,-0.199341,-0.000000,0.438266,0.183451,0.345601
4.7000,0.396703,0.420408,-0.554606,-0.199737,-0.000000,0.438379,0.183642,0.345737
4.7200,0.396973,0.421999,-0.556996,-0.200123,-0.000000,0.438490,0.183828,0.345870
4.7400,0.397235,0.423568,-0.559351,-0.200499,-0.000000,0.438601,0.184010,0.346000
4.7600,0.397488,0.425114,-0.561672,-0.200866,-0.000000,0.438710,0.184186,0.346126
4.7800,0.397733,0.426638,-0.563960,-0.201224,0.000000,0.438818,0.184358,0.346250
4.8000,0.397969,0.428141,-0.566214,-0.201573,0.000000,0.438926,0.184525,0.346371
4.8200,0.398198,0.429623,-0.568436,-0.201914,0.000000,0.439032,0.184688,0.346488
4.8400,0.398419,0.431083,-0.570626,-0.202246,0.000000,0.439137,0.184846,0.346603
4.8600,0.398633,0.432524,-0.572785,-0.202571,0.000000,0.439241,0.185001,0.346715
4.8800,0.398839,0.433944,-0.574913,-0.202887,0.000000,0.439344,0.185151,0.346825
4.9000,0.399039,0.435344,-0.577011,-0.203196,0.000000,0.439446,0.185298,0.346932
4.9200,0.399233,0.436724,-0.579079,-0.203497,0.000000,0.439547,0.185440,0.347036
4.9400,0.399420,0.438085,-0.581118,-0.203791,0.000000,0.439647,0.185579,0.347138
4.9600,0.399601,0.439428,-0.583128,-0.204078,0.000000,0.439746,0.185715,0.347238
4.9800,0.399775,0.440751,-0.585110,-0.204358,0.000000,0.439844,0.185847,0.347336
5.0000,0.399945,0.442057,-0.587064,-0.204631,0.000000,0.439941,0.185976,0.347431
5.0200,0.400108,0.443344,-0.588991,-0.204898,0.000000,0.440037,0.186101,0.347524
5.0400,0.400266,0.444614,-0.590891,-0.205158,0.000000,0.440133,0.186223,0.347615
5.0600,0.400419,0.445866,-0.592765,-0.205412,0.000000,0.440227,0.186342,0.347704
5.0800,0.400567,0.447101,-0.594613,-0.205660,0.000000,0.440320,0.186459,0.347791
5.1000,0.400710,0.448319,-0.596435,-0.205902,0.000000,0.440412,0.186572,0.347876
5.1200,0.400849,0.449521,-0.598233,-0.206139,0.000000,0.440503,0.186683,0.347959
5.1400,0.400983,0.450706,-0.600006,-0.206370,0.000000,0.440593,0.186790,0.348041
5.1600,0.401112,0.451875,-0.601754,-0.206595,0.000000,0.440682,0.186895,0.348120
5.1800,0.401238,0.453029,-0.603479,-0.206815,0.000000,0.440770,0.186998,0.348198
5.2000,0.401359,0.454167,-0.605180,-0.207030,0.000000,0.440858,0.187098,0.348274
5.2200,0.401476,0.455289,-0.606859,-0.207240,0.000000,0.440944,0.187196,0.348349
5.2400,0.401589,0.456397,-0.608514,-0.207445,0.000000,0.441030,0.187291,0.348422
5.2600,0.401699,0.457489,-0.610148,-0.207646,0.000000,0.441114,0.187384,0.348493
5.2800,0.401805,0.458567,-0.611759,-0.207841,0.000000,0.441198,0.187475,0.348563
5.3000,0.401908,0.459631,-0.613349,-0.208032,0.000000,0.441280,0.187564,0.348632
5.3200,0.402007,0.460680,-0.614918,-0.208219,0.000000,0.441362,0.187650,0.348699
5.3400,0.402103,0.461716,-0.616466,-0.208401,0.000000,0.441443,0.187735,0.348765
5.3600,0.402196,0.462738,-0.617993,-0.208580,0.000000,0.441523,0.187817,0.348829
5.3800,0.402286,0.463746,-0.619501,-0.208754,0.000000,0.441603,0.187898,0.348892
5.4000,0.402373,0.464741,-0.620988,-0.208924,0.000000,0.441681,0.187976,0.348954
5.4200,0.402457,0.465723,-0.622456,-0.209090,0.000000,0.441758,0.188053,0.349014
5.4400,0.402538,0.466692,-0.623904,-0.209256,0.000000,0.441835,0.188128,0.349074
5.4600,0.402617,0.467649,-0.625333,-0.209420,0.000000,0.441910,0.188201,0.349133
5.4800,0.402693,0.468593,-0.626744,-0.209584,0.000000,0.441985,0.188273,0.349191
5.5000,0.402767,0.469525,-0.628137,-0.209747,0.000001,0.442059,0.188343,0.349249
5.5200,0.402838,0.470444,-0.629511,-0.209910,0.000001,0.442131,0.188411,0.349305
5.5400,0.402907,0.471352,-0.630868,-0.210072,0.000001,0.442203,0.188477,0.349362
5.5600,0.402974,0.472248,-0.632207,-0.210232,0.000001,0.442274,0.188542,0.349417
5.5800,0.403038,0.473133,-0.633529,-0.210392,0.000001,0.442343,0.188606,0.349472
5.6000,0.403101,0.474006,-0.634835,-0.210551,0.000001,0.442412,0.188668,0.349526
5.6200,0.403161,0.474868,-0.636123,-0.210709,0.000001,0.442480,0.188729,0.349579
5.6400,0.403219,0.475720,-0.637395,-0.210865,0.000001,0.442548,0.188788,0.349632
5.6600,0.403276,0.476560,-0.638651,-0.211020,0.000001,0.442614,0.188846,0.349683
5.6800,0.403331,0.477390,-0.639890,-0.211174,0.000001,0.442680,0.188902,0.349734
5.7000,0.403384,0.478209,-0.641114,-0.211326,0.000001,0.442744,0.188958,0.349785
5.7200,0.403435,0.479019,-0.642322,-0.211477,0.000001,0.442808,0.189012,0.349834
5.7400,0.403484,0.479818,-0.643515,-0.211627,0.000001,0.442872,0.189065,0.349883
5.7600,0.403532,0.480607,-0.644693,-0.211775,0.000001,0.442934,0.189117,0.349931
5.7800,0.403579,0.481386,-0.645856,-0.211921,0.000001,0.442996,0.189167,0.349978
5.8000,0.403624,0.482156,-0.647005,-0.212066,0.000001,0.443057,0.189217,0.350024
5.8200,0.403669,0.482917,-0.648138,-0.212210,0.000001,0.443117,0.189267,0.350070
5.8400,0.403714,0.483668,-0.649258,-0.212352,0.000001,0.443176,0.189315,0.350115
5.8600,0.403758,0.484409,-0.650364,-0.212492,0.000001,0.443235,0.189363,0.350159
5.8800,0.403802,0.485142,-0.651456,-0.212630,0.000001,0.443292,0.189411,0.350203
5.9000,0.403846,0.485866,-0.652534,-0.212767,0.000001,0.443349,0.189458,0.350246
5.9200,0.403888,0.486581,-0.653599,-0.212902,0.000001,0.443405,0.189504,0.350288
5.9400,0.403931,0.487287,-0.654651,-0.213035,0.000001,0.443460,0.189550,0.350329
5.9600,0.403972,0.487985,-0.655690,-0.213167,0.000001,0.443514,0.189595,0.350369
5.9800,0.404013,0.488674,-0.656715,-0.213297,0.000001,0.443568,0.189639,0.350409
6.0000,0.404053,0.489356,-0.657729,-0.213425,0.000001,0.443621,0.189683,0.350448
6.0200,0.404092,0.490028,-0.658730,-0.213551,0.000001,0.443673,0.189726,0.350487
6.0400,0.404131,0.490693,-0.659718,-0.213676,0.000001,0.443725,0.189768,0.350525
6.0600,0.404168,0.491350,-0.660695,-0.213799,0.000001,0.443776,0.189810,0.350562
6.0800,0.404205,0.491999,-0.661659,-0.213920,0.000001,0.443827,0.189851,0.350598
6.1000,0.404241,0.492641,-0.662612,-0.214039,0.000001,0.443877,0.189891,0.350634
6.1200,0.404276,0.493275,-0.663553,-0.214157,0.000001,0.443926,0.189931,0.350669
6.1400,0.404310,0.493901,-0.664483,-0.214273,0.000001,0.443975,0.189970,0.350704
6.1600,0.404344,0.494520,-0.665402,-0.214387,0.000001,0.444023,0.190008,0.350738
6.1800,0.404376,0.495131,-0.666309,-0.214499,0.000001,0.444071,0.190045,0.350771
6.2000,0.404407,0.495736,-0.667206,-0.214610,0.000001,0.444119,0.190082,0.350804
6.2200,0.404438,0.496333,-0.668092,-0.214719,0.000001,0.444165,0.190118,0.350836
6.2400,0.404468,0.496923,-0.668967,-0.214826,0.000001,0.444212,0.190154,0.350868
6.2600,0.404496,0.497507,-0.669832,-0.214931,0.000001,0.444258,0.190188,0.350899
6.2800,0.404524,0.498083,-0.670686,-0.215035,0.000001,0.444303,0.190222,0.350929
6.3000,0.404551,0.498653,-0.671530,-0.215137,0.000001,0.444348,0.190256,0.350959
6.3200,0.404577,0.499217,-0.672365,-0.215238,0.000001,0.444393,0.190288,0.350988
6.3400,0.404602,0.499773,-0.673189,-0.215337,0.000001,0.444437,0.190321,0.351017
6.3600,0.404627,0.500324,-0.674004,-0.215434,0.000001,0.444480,0.190352,0.351045
6.3800,0.404650,0.500868,-0.674809,-0.215530,0.000001,0.444524,0.190383,0.351073
6.4000,0.404672,0.501405,-0.675604,-0.215624,0.000001,0.444566,0.190413,0.351100
6.4200,0.404694,0.501937,-0.676391,-0.215716,0.000001,0.444609,0.190443,0.351127
6.4400,0.404715,0.502462,-0.677168,-0.215807,0.000001,0.444651,0.190472,0.351153
