time,waist,shoulder,elbow,wrist_angle,wrist_rotate,ee_x,ee_y,ee_z,fk_x,fk_y,fk_z,qd_cmd_waist,qd_cmd_shoulder,qd_cmd_elbow,qd_cmd_wrist_angle,qd_cmd_wrist_rotate,qd_act_waist,qd_act_shoulder,qd_act_elbow,qd_act_wrist_angle,qd_act_wrist_rotate,dist,sigma
0.4520115852355957,-0.0015339808305725455,0.07209710031747818,0.16106799244880676,0.8912428617477417,-0.2485048919916153,0.3273231548211468,-0.0005021078387344119,0.11145549066748936,0.32732315482114693,-0.0005021078387344111,0.1114554906674893,0.001016017851489036,-0.1084165144511312,-0.07455358938029961,-0.013342679987983316,1.3979867844161698e-19,0.0,0.0,0.0,0.0,0.0,0.09140361892443025,0.18416938172008
0.4721355438232422,-0.003067961661145091,0.07209710031747818,0.16106799244880676,0.8912428617477417,-0.2485048919916153,0.3273219994861273,-0.0010042144959605116,0.11145549066748936,0.3273219994861274,-0.0010042144959605123,0.11145549066748928,0.002031934968048066,-0.10841318759127476,-0.07454802870726157,-0.013339841245030775,1.599178001315171e-19,0.0,0.0,0.0,0.0,0.0,0.09140804279162848,0.18416938172007993
0.4920949935913086,-0.0015339808305725455,0.07209710031747818,0.16106799244880676,0.8912428617477417,-0.2485048919916153,0.3273219994861273,-0.0010042144959605116,0.11145549066748936,0.32732315482114693,-0.0005021078387344111,0.1114554906674893,0.001016017851489036,-0.1084165144511312,-0.07455358938029961,-0.013342679987983316,1.3979867844161698e-19,0.0,0.0,0.0,0.0,0.0,0.09140361892443025,0.18416938172008
0.5121047496795654,-0.0015339808305725455,0.07209710031747818,0.16106799244880676,0.8912428617477417,-0.2485048919916153,0.3273231548211468,-0.0005021078387344119,0.11145549066748936,0.32732315482114693,-0.0005021078387344111,0.1114554906674893,0.001016017851489036,-0.1084165144511312,-0.07455358938029961,-0.013342679987983316,1.3979867844161698e-19,0.0,0.0,0.0,0.0,0.0,0.09140361892443025,0.18416938172008
0.5321295261383057,-0.0015339808305725455,0.07209710031747818,0.16106799244880676,0.8912428617477417,-0.2485048919916153,0.3273231548211468,-0.0005021078387344119,0.11145549066748936,0.32732315482114693,-0.0005021078387344111,0.1114554906674893,0.001016017851489036,-0.1084165144511312,-0.07455358938029961,-0.013342679987983316,1.3979867844161698e-19,0.0,0.0,0.0,0.0,0.0,0.09140361892443025,0.18416938172008
0.5521328449249268,-0.003067961661145091,0.07209710031747818,0.16106799244880676,0.8912428617477417,-0.2485048919916153,0.3273219994861273,-0.0010042144959605116,0.11145549066748936,0.3273219994861274,-0.0010042144959605123,0.11145549066748928,0.002031934968048066,-0.10841318759127476,-0.07454802870726157,-0.013339841245030775,1.599178001315171e-19,0.0,0.0,0.0,0.0,0.0,0.09140804279162848,0.18416938172007993
0.5721549987792969,-0.003067961661145091,0.07209710031747818,0.16106799244880676,0.8897088766098022,-0.2485048919916153,0.3275413338078587,-0.0010048874073617928,0.11156067325714257,0.3275413338078589,-0.0010048874073617937,0.11156067325714253,0.002034201548459456,-0.10862545430905067,-0.07428553456646564,-0.01311405827492857,-2.1296281363407107e-20,0.0,0.0,0.0,0.0,0.0,0.09125193696881947,0.1841077635800206
0.5922038555145264,-0.0015339808305725455,0.07209710031747818,0.16106799244880676,0.8912428617477417,-0.2485048919916153,0.3275413338078587,-0.0010048874073617928,0.11156067325714257,0.32732315482114693,-0.0005021078387344111,0.1114554906674893,0.001016017851489036,-0.1084165144511312,-0.07455358938029961,-0.013342679987983316,1.3979867844161698e-19,0.0,0.0,0.0,0.0,0.0,0.09140361892443025,0.18416938172008
0.6121792793273926,-0.003067961661145091,0.07209710031747818,0.16106799244880676,0.8897088766098022,-0.2485048919916153,0.3273231548211468,-0.0005021078387344119,0.11145549066748936,0.3275413338078589,-0.0010048874073617937,0.11156067325714253,0.002034201548459456,-0.10862545430905067,-0.07428553456646564,-0.01311405827492857,-2.1296281363407107e-20,0.0,0.0,0.0,0.0,0.0,0.09125193696881947,0.1841077635800206
0.6322083473205566,-0.0015339808305725455,0.07209710031747818,0.16106799244880676,0.8912428617477417,-0.2485048919916153,0.3273231548211468,-0.0005021078387344119,0.11145549066748936,0.32732315482114693,-0.0005021078387344111,0.1114554906674893,0.001016017851489036,-0.1084165144511312,-0.07455358938029961,-0.013342679987983316,1.3979867844161698e-19,0.0,0.0,0.0,0.0,0.0,0.09140361892443025,0.18416938172008
0.6520931720733643,-0.003067961661145091,0.07209710031747818,0.16106799244880676,0.8912428617477417,-0.2485048919916153,0.3273219994861273,-0.0010042144959605116,0.11145549066748936,0.3273219994861274,-0.0010042144959605123,0.11145549066748928,0.002031934968048066,-0.10841318759127476,-0.07454802870726157,-0.013339841245030775,1.599178001315171e-19,0.0,0.0,0.0,0.0,0.0,0.09140804279162848,0.18416938172007993
0.6721360683441162,-0.003067961661145091,0.07209710031747818,0.16106799244880676,0.8912428617477417,-0.2485048919916153,0.3273219994861273,-0.0010042144959605116,0.11145549066748936,0.3273219994861274,-0.0010042144959605123,0.11145549066748928,0.002031934968048066,-0.10841318759127476,-0.07454802870726157,-0.013339841245030775,1.599178001315171e-19,0.0,0.0,0.0,0.0,0.0,0.09140804279162848,0.18416938172007993
0.6921341419219971,-0.0015339808305725455,0.07056311517953873,0.16106799244880676,0.8912428617477417,-0.2485048919916153,0.3273231548211468,-0.0005021078387344119,0.11145549066748936,0.3273125986492766,-0.0005020916457564185,0.1119575921149879,0.0010214521021420296,-0.10788983884137214,-0.07494550064504608,-0.013837577254649956,-1.096195603733787e-19,0.0,0.0,0.0,0.0,0.0,0.09091994204936774,0.18416938172008
0.7121305465698242,-0.0015339808305725455,0.07209710031747818,0.16106799244880676,0.8912428617477417,-0.2485048919916153,0.3273231548211468,-0.0005021078387344119,0.11145549066748936,0.32732315482114693,-0.0005021078387344111,0.1114554906674893,0.001016017851489036,-0.1084165144511312,-0.07455358938029961,-0.013342679987983316,1.3979867844161698e-19,0.0,0.0,0.0,0.0,0.0,0.09140361892443025,0.18416938172008
0.7321326732635498,-0.0015339808305725455,0.07209710031747818,0.16106799244880676,0.8912428617477417,-0.2485048919916153,0.3273231548211468,-0.0005021078387344119,0.11145549066748936,0.32732315482114693,-0.0005021078387344111,0.1114554906674893,0.001016017851489036,-0.1084165144511312,-0.07455358938029961,-0.013342679987983316,1.3979867844161698e-19,0.0,0.0,0.0,0.0,0.0,0.09140361892443025,0.18416938172008
0.7520928382873535,-0.0015339808305725455,0.07209710031747818,0.16106799244880676,0.8912428617477417,-0.2485048919916153,0.3273231548211468,-0.0005021078387344119,0.11145549066748936,0.32732315482114693,-0.0005021078387344111,0.1114554906674893,0.001016017851489036,-0.1084165144511312,-0.07455358938029961,-0.013342679987983316,1.3979867844161698e-19,0.0,0.0,0.0,0.0,0.0,0.09140361892443025,0.18416938172008
0.7721447944641113,-0.0015339808305725455,0.07209710031747818,0.16106799244880676,0.8912428617477417,-0.2485048919916153,0.3273219994861273,-0.0010042144959605116,0.11145549066748936,0.32732315482114693,-0.0005021078387344111,0.1114554906674893,0.001016017851489036,-0.1084165144511312,-0.07455358938029961,-0.013342679987983316,1.3979867844161698e-19,0.0,0.0,0.0,0.0,0.0,0.09140361892443025,0.18416938172008
0.7923228740692139,-0.003067961661145091,0.07209710031747818,0.16106799244880676,0.8912428617477417,-0.2485048919916153,0.3273231548211468,-0.0005021078387344119,0.11145549066748936,0.3273219994861274,-0.0010042144959605123,0.11145549066748928,0.002031934968048066,-0.10841318759127476,-0.07454802870726157,-0.013339841245030775,1.599178001315171e-19,0.0,0.0,0.0,0.0,0.0,0.09140804279162848,0.18416938172007993
0.8122067451477051,-0.0015339808305725455,0.07209710031747818,0.16106799244880676,0.8897088766098022,-0.2485048919916153,0.3275424899170536,-0.0005024442948309094,0.11156067325714256,0.32754248991705376,-0.0005024442948309106,0.11156067325714253,0.0010171513995630827,-0.10862880749154911,-0.07429110153653698,-0.013116891985851914,-9.583863790627172e-20,0.0,0.0,0.0,0.0,0.0,0.09124750256376854,0.18410776358002073
0.832125186920166,-0.0015339808305725455,0.07209710031747818,0.16106799244880676,0.8912428617477417,-0.2485048919916153,0.3273231548211468,-0.0005021078387344119,0.11145549066748936,0.32732315482114693,-0.0005021078387344111,0.1114554906674893,0.001016017851489036,-0.1084165144511312,-0.07455358938029961,-0.013342679987983316,1.3979867844161698e-19,0.0,0.0,0.0,0.0,0.0,0.09140361892443025,0.18416938172008
0.8521177768707275,-0.0015339808305725455,0.07056311517953873,0.16106799244880676,0.8912428617477417,-0.2485048919916153,0.32731259864927653,-0.0005020916457564174,0.11195759211498793,0.3273125986492766,-0.0005020916457564185,0.1119575921149879,0.0010214521021420296,-0.10788983884137214,-0.07494550064504608,-0.013837577254649956,-1.096195603733787e-19,0.0,0.0,0.0,0.0,0.0,0.09091994204936774,0.18416938172008
0.8721041679382324,-0.0015339808305725455,0.06902913749217987,0.16106799244880676,0.8912428617477417,-0.2485048919916153,0.32730127233175876,-0.0005020742713888363,0.11245967434012571,0.3273012723317589,-0.0005020742713888358,0.11245967434012565,0.0010269419252243648,-0.10735797282008872,-0.07533984455389246,-0.014336290600416272,-5.234715153467946e-20,0.0,-0.023980824276804924,0.0,0.0,0.0,0.09043667913500486,0.18416938172007993
0.8923394680023193,-0.003067961661145091,0.06749515980482101,0.16106799244880676,0.8912428617477417,-0.2485048919916153,0.3272880206307588,-0.001004110249807883,0.11296173860020996,0.32728802063075885,-0.0010041102498078835,0.11296173860020992,0.002064870553114699,-0.10681745407371994,-0.07573088474295604,-0.014835903343783126,-5.310035724443534e-20,0.0,-0.04796164855360985,0.0,0.0,0.0,0.08995833030776414,0.18416938172008002
0.912172794342041,-0.0015339808305725455,0.0644271969795227,0.16106799244880676,0.8912428617477417,-0.2485048919916153,0.3272880206307588,-0.001004110249807883,0.11296173860020996,0.32726267241639123,-0.0005020150598121582,0.11396581093795864,0.001043752384129678,-0.10573037597065571,-0.07653775963716955,-0.015855872188841668,-2.0406680564891133e-19,0.0,-0.07194247096776962,0.0,0.0,0.0,0.08898943629626885,0.18416938172007985
0.9322261810302734,-0.003067961661145091,0.05982525274157524,0.16106799244880676,0.8912428617477417,-0.2485048919916153,0.32723193364640063,-0.0010039381765503089,0.11496979723884368,0.3272159867908534,-0.0010038892520553748,0.11547175517233149,0.002122066034888721,-0.10404949465009877,-0.07775245177024842,-0.017408545748914574,4.430483161559434e-19,0.0,-0.0959232971072197,0.0,0.0,0.0,0.0875508036810127,0.18416938172008
0.9521403312683105,-0.003067961661145091,0.05675728991627693,0.16106799244880676,0.8912428617477417,-0.2485048919916153,0.3271992699638543,-0.001003837965310136,0.11597368805295558,0.3271817832047396,-0.0010037843164352734,0.11647559469961838,0.0021457862054454005,-0.10290228421294886,-0.0785792848152584,-0.01846662018267382,1.2749578215189935e-19,0.0,-0.11990412324666977,0.0,0.0,0.0,0.08659102078998632,0.18416938172007996
0.9721410274505615,-0.0015339808305725455,0.05368933081626892,0.16106799244880676,0.8912428617477417,-0.2485048919916153,0.3271456548122155,-0.0005018355569097162,0.11747932334826752,0.3271456548122155,-0.0005018355569097145,0.11747932334826758,0.001085064469541196,-0.10173458297459488,-0.0794233176396482,-0.019545397993098776,1.872304336179886e-19,0.0,-0.14388494193553925,0.0,0.0,0.0,0.0856284707789901,0.18416938172008004
0.9923124313354492,-0.0015339808305725455,0.05062136799097061,0.16106799244880676,0.8912428617477417,-0.2485048919916153,0.32710529231418145,-0.0005017736415628937,0.1184829341083618,0.32710529231418173,-0.0005017736415628961,0.11848293410836175,0.001097433730759314,-0.1005385791872894,-0.08027205502601335,-0.02063863049957739,-3.7494056975826524e-19,0.0,-0.16786576807498932,0.0,0.0,0.0,0.08467261333151427,0.18416938172008
1.012143611907959,-0.003067961661145091,0.0475534051656723,0.16106799244880676,0.8912428617477417,-0.2485048919916153,0.32710529231418145,-0.0005017736415628937,0.1184829341083618,0.327060696561342,-0.0010034128260901147,0.11948641631467391,0.0022200030988520003,-0.09931335317302947,-0.08112523048149721,-0.021746476129283022,-2.7038529327800656e-19,0.0,-0.16786576807498932,0.0,0.0,0.0,0.08372368623874846,0.18416938172007993
1.0321526527404785,-0.0015339808305725455,0.04448544234037399,0.16106799244880676,0.8912428617477417,-0.2485048919916153,0.32703782153287686,-0.0010033426461595984,0.11998810625849818,0.32701533120071136,-0.0005016356428310936,0.1204897605220395,0.001122970857273223,-0.0980687633162679,-0.08200346591367265,-0.022880422800277498,-2.6508669736623273e-19,0.0,-0.14388494193553925,0.0,0.0,0.0,0.08276729317776305,0.18416938172007996
1.0521409511566162,-0.0015339808305725455,0.04295146465301514,0.1595340073108673,0.8912428617477417,-0.2485048919916153,0.32726902257817997,-0.0005020248008462528,0.12140338804013988,0.3272690225781799,-0.000502024800846254,0.12140338804013975,0.0011352026172973075,-0.0974590566369972,-0.08234209299333838,-0.023403399114902374,-1.300059733049361e-19,0.0,-0.14388494193553925,0.0,0.0,0.0,0.08181917119490277,0.18418099508043198
1.0721418857574463,-0.003067961661145091,0.03988350182771683,0.15800002217292786,0.8912428617477417,-0.2485048919916153,0.32726902257817997,-0.0005020248008462528,0.12140338804013988,0.32749167120413275,-0.0010047350439195348,0.12282064561498982,0.002309054545383768,-0.096187080428067,-0.08312721203377121,-0.024514110703180783,1.030241421734461e-19,0.0,-0.11990412324666977,-0.023980824276804924,0.0,0.0,0.08040079042508437,0.18419221658465051
1.0923173427581787,-0.0015339808305725455,0.03834952041506767,0.15493206679821014,0.8912428617477417,-0.2485048919916153,0.32773977145992217,-0.0005027469211732653,0.12373712096245876,0.32801407311447917,-0.0005031676949831885,0.12415167446262085,0.0011737564052907304,-0.09558494043815807,-0.08338572212155933,-0.025009547379269904,2.2043660762050793e-19,0.0,-0.0959232971072197,-0.04796164855360985,0.0,0.0,0.07897216373868064,0.18421348669826748
1.1121838092803955,-0.0015339808305725455,0.03528155758976936,0.1533980816602707,0.8912428617477417,-0.2485048919916153,0.32822562706585595,-0.0005034922149437769,0.12557372952480633,0.328225627065856,-0.0005034922149437724,0.12557372952480633,0.0011946329124344237,-0.09426576400048173,-0.08420762719923809,-0.026165369073065266,6.291167998523906e-19,0.0,-0.0959232971072197,-0.07194247096776962,0.0,0.0,0.07754770504619964,0.18422353679943468
1.13211989402771,-0.0015339808305725455,0.03374757990241051,0.15033012628555298,0.8912428617477417,-0.2485048919916153,0.32873499885197466,-0.0005042735821121952,0.12691089795337118,0.3287349988519746,-0.0005042735821121963,0.12691089795337124,0.001215341909774904,-0.09363707655684732,-0.0844743745614532,-0.026676506585574945,-2.180925466478995e-19,0.0,-0.0959232971072197,-0.0959232971072197,0.0,0.0,0.07612142539163104,0.1842424703718863
1.1521129608154297,-0.003067961661145091,0.03374757990241051,0.14726215600967407,0.8912428617477417,-0.2485048919916153,0.32873499885197466,-0.0005042735821121952,0.12691089795337118,0.32927286493771346,-0.0010101996951503822,0.12774626130931305,0.002457712093967121,-0.09370091746997015,-0.08425784004590825,-0.026560517551263096,1.1578342497497414e-19,0.0,-0.07194247096776962,-0.11990412324666977,0.0,0.0,0.07517471241113213,0.18425985329492
1.172241449356079,-0.003067961661145091,0.03221359848976135,0.1426602154970169,0.8912428617477417,-0.2485048919916153,0.3297724907555101,-0.0010117325328135255,0.12908916598817655,0.3300391144303689,-0.0010125505265923748,0.1295086982588433,0.002516400088942668,-0.09311587457446129,-0.08441581737021978,-0.027007756561132298,-1.6903482306053614e-19,0.0,-0.07194247096776962,-0.14388494193553925,0.0,0.0,0.07326995177052877,0.18428303217597644
1.1923415660858154,-0.0015339808305725455,0.030679617077112198,0.1395922601222992,0.8912428617477417,-0.2485048919916153,0.33051891399298333,-0.000507010075888283,0.13004674742224825,0.33053205159246357,-0.0005070302287298523,0.130856044289442,0.0012816522595423588,-0.09249255044255422,-0.08469392834436494,-0.027524036086484422,1.2090184119979708e-20,0.0,-0.04796164855360985,-0.16786576807498932,0.0,0.0,0.07183414721533869,0.18429656262409133
1.2121989727020264,-0.0015339808305725455,0.029145635664463043,0.1365242898464203,0.8912428617477417,-0.2485048919916153,0.33101788272047783,-0.0005077754849516754,0.13220657743452177,0.3310178827204778,-0.0005077754849516754,0.1322065774345217,0.0013060056139980283,-0.0918592829105796,-0.08496747834340869,-0.02804039710336224,5.749333394572082e-20,0.0,-0.04796164855360985,-0.16786576807498932,0.0,0.0,0.07040260474938523,0.18430856197556308
1.2321667671203613,-0.003067961661145091,0.029145635664463043,0.13345633447170258,0.8912428617477417,-0.2485048919916153,0.33154027064613995,-0.0010171560307593555,0.133051716921937,0.33154027064613995,-0.0010171560307593553,0.13305171692193687,0.002643959439964428,-0.09196202321514985,-0.08472587544998972,-0.027889334003238758,-1.6278632042274065e-19,0.0,-0.04796164855360985,-0.16786576807498932,0.0,0.0,0.0694540770675786,0.18431903572800307
1.2521507740020752,-0.003067961661145091,0.02761165425181389,0.13192234933376312,0.8897088766098022,-0.2485048919916153,0.33154027064613995,-0.0010171560307593555,0.133051716921937,0.33196774092703635,-0.001018467497307105,0.13410486815048725,0.002684552475318761,-0.09157393832445407,-0.08481884623170992,-0.02817620127729939,4.792648843864636e-21,0.0,-0.04796164855360985,-0.14388494193553925,0.0,0.0,0.0683254567842925,0.1842592651449685
1.2721564769744873,-0.0015339808305725455,0.02761165425181389,0.13038836419582367,0.8897088766098022,-0.2485048919916153,0.33222706200308444,-0.0010192630869224819,0.1345291629914327,0.3322282346513018,-0.0005096321430681041,0.1345291629914327,0.001350905327547748,-0.09164217690466563,-0.08470703444436928,-0.02810070182080024,4.547061674342382e-20,0.0,-0.023980824276804924,-0.11990412324666977,0.0,0.0,0.0678419182153101,0.1842634063927118
1.2921528816223145,-0.003067961661145091,0.026077674701809883,0.1288543939590454,0.8881748914718628,-0.2485048919916153,0.33264937715273607,-0.0010205587376755925,0.13558616938199936,0.33264937715273596,-0.0010205587376755929,0.13558616938199927,0.0027442351820381296,-0.0912535231279143,-0.08478766080956293,-0.028377523645441823,-1.1002853158241578e-19,0.0,-0.023980824276804924,-0.0959232971072197,-0.023980824276804924,0.0,0.06671751815085403,0.1842023876219465
1.312239408493042,-0.003067961661145091,0.02454369328916073,0.1288543939590454,0.8881748914718628,-0.2485048919916153,0.3326017989528727,-0.001020412769124534,0.1360964133528033,0.3326017989528726,-0.0010204127691245332,0.13609641335280329,0.002764474408964206,-0.09048289215457052,-0.08531415597414396,-0.029064923542395652,1.5287267340280033e-19,0.0,-0.04796164855360985,-0.07194247096776962,-0.023980824276804924,0.0,0.06623750469538715,0.18420238762194652
1.332160234451294,-0.003067961661145091,0.023009711876511574,0.1288543939590454,0.8881748914718628,-0.2485048919916153,0.3326017989528727,-0.001020412769124534,0.1360964133528033,0.3325534381082106,-0.001020264399441706,0.13660658373889106,0.0027849825043396942,-0.08970140741920347,-0.08584538269911184,-0.029760002620700683,-2.696633320194721e-19,0.0,-0.04796164855360985,-0.023980824276804924,-0.023980824276804924,0.0,0.06575825945493873,0.18420238762194652
1.3521902561187744,-0.003067961661145091,0.02147573232650757,0.1288543939590454,0.8881748914718628,-0.2485048919916153,0.3325054684194499,-0.0005100574146876002,0.13711667872044092,0.3325042947926956,-0.0010201136291607688,0.1371166787204409,0.0028057638675795145,-0.08890883725424353,-0.086381402102536,-0.03046289503788143,-4.510195106809455e-19,0.0,-0.04796164855360985,0.0,0.0,0.0,0.06527980106943916,0.18420238762194652
1.3721418380737305,-0.003067961661145091,0.019941750913858414,0.1288543939590454,0.8881748914718628,-0.2485048919916153,0.3324543690026214,-0.0010199604582703493,0.13762669833592162,0.3324543690026213,-0.0010199604582703478,0.1376266983359216,0.00282682304030502,-0.08810494123030302,-0.0869222774806856,-0.03117373992591303,4.878266372906538e-19,0.0,-0.04796164855360985,0.0,0.0,0.0,0.06480214693133815,0.18420238762194652
1.3922927379608154,-0.003067961661145091,0.01840776950120926,0.1288543939590454,0.8881748914718628,-0.2485048919916153,0.33240366091466583,-0.001019804887312493,0.1381366407657747,0.33240366091466583,-0.0010198048873124928,0.13813664076577467,0.0028481645545527113,-0.08728947578227118,-0.08746807034711737,-0.03189267628535023,2.768011150030538e-19,0.0,-0.04796164855360985,0.0,0.0,0.0,0.06432531668757689,0.18420238762194646
1.4121668338775635,-0.0015339808305725455,0.01840776950120926,0.1288543939590454,0.8866409063339233,-0.2485048919916153,0.33240366091466583,-0.001019804887312493,0.1381366407657747,0.3326139559087268,-0.0005102238325470404,0.1382608960551362,0.001427344630990376,-0.0876186138973443,-0.08717301233163255,-0.031577117771885065,-2.2332737789552113e-20,0.0,-0.04796164855360985,0.0,0.0,0.0,0.06414243379711822,0.1841375534643143
1.432173490524292,-0.0015339808305725455,0.015339808538556099,0.1288543939590454,0.8851069211959839,-0.2485048919916153,0.33256110084538953,-0.001020287908499349,0.13877108012286518,0.33271835851718046,-0.0005103839842726843,0.13940640126992712,0.0014525473380459127,-0.08628440795528175,-0.08797357736594702,-0.03271238475596316,5.568324691625942e-19,0.0,-0.04796164855360985,0.0,0.0,0.0,0.06301190229800399,0.18407266687284873
1.4521183967590332,-0.0015339808305725455,0.015339808538556099,0.1288543939590454,0.8851069211959839,-0.2485048919916153,0.33250981082250025,-0.0005100640758558628,0.13928118493166597,0.33271835851718046,-0.0005103839842726843,0.13940640126992712,0.0014525473380459127,-0.08628440795528175,-0.08797357736594702,-0.03271238475596316,5.568324691625942e-19,0.0,-0.04796164855360985,0.0,-0.023980824276804924,0.0,0.06301190229800399,0.18407266687284873
1.4721131324768066,-0.003067961661145091,0.013805827125906944,0.1288543939590454,0.8851069211959839,-0.2485048919916153,0.33266374572452656,-0.001020602820041278,0.13991674476114546,0.3326637457245266,-0.0010206028200412786,0.1399167447611455,0.002927305995095622,-0.0854303202634365,-0.0885237232345366,-0.03344779020033469,-2.9879163253076717e-19,0.0,-0.04796164855360985,0.0,-0.023980824276804924,0.0,0.06254266465795556,0.1840726668728488
1.4923226833343506,-0.003067961661145091,0.012271846644580364,0.1288543939590454,0.8835729360580444,-0.2485048919916153,0.33266374572452656,-0.001020602820041278,0.13991674476114546,0.3328174930687245,-0.001021074512478699,0.14055318010380227,0.0029570231410626624,-0.08490373218694375,-0.08878266562427001,-0.03386921971303169,-1.2473201251867242e-19,0.0,-0.04796164855360985,0.0,-0.023980824276804924,0.0,0.06188865431865792,0.18400772793347264
1.5121879577636719,-0.0015339808305725455,0.010737866163253784,0.1288543939590454,0.8835729360580444,-0.2485048919916153,0.332763469978945,-0.0005104531844445518,0.14106367580856588,0.3327634699789452,-0.0005104531844445535,0.14106367580856585,0.0014903246323221386,-0.08403778528241664,-0.08936851531461618,-0.034634964738020836,-3.5033431262219e-19,0.0,-0.04796164855360985,0.0,-0.023980824276804924,0.0,0.06140723767454501,0.18400772793347261
1.5321171283721924,-0.0015339808305725455,0.0076699042692780495,0.1288543939590454,0.8835729360580444,-0.2485048919916153,0.33265072535911244,-0.0005102802362233238,0.1420844105076421,0.3326507253591126,-0.0005102802362233237,0.14208441050764206,0.0015141179905814222,-0.08225373923351169,-0.09053191417053072,-0.036180098905301994,3.285244686092094e-20,0.0,-0.07194247096776962,0.0,-0.023980824276804924,0.0,0.060460509613562974,0.18400772793347267
1.5521245002746582,-0.0015339808305725455,0.0076699042692780495,0.1288543939590454,0.8835729360580444,-0.2485048919916153,0.33265072535911244,-0.0005102802362233238,0.1420844105076421,0.3326507253591126,-0.0005102802362233237,0.14208441050764206,0.0015141179905814222,-0.08225373923351169,-0.09053191417053072,-0.036180098905301994,3.285244686092094e-20,0.0,-0.07194247096776962,0.0,0.0,0.0,0.060460509613562974,0.18400772793347267
1.5721487998962402,-0.0015339808305725455,0.004601942375302315,0.1288543939590454,0.882038950920105,-0.2485048919916153,0.33279899957123826,-0.0010210177749594182,0.14272241306071992,0.3327416488642615,-0.0005104197112466707,0.14323287799943568,0.0015424688284346498,-0.08075924254465568,-0.09141085595519875,-0.03742722386639499,-1.2792008243409032e-19,0.0,-0.07194247096776962,0.0,0.0,0.0,0.05933479040523384,0.18394273673226944
1.5921483039855957,-0.003067961661145091,0.0015339808305725455,0.1288543939590454,0.882038950920105,-0.2485048919916153,0.33268234052598034,-0.000510328733321294,0.14374325248322695,0.33262107531055146,-0.001020471908436405,0.14425353542734196,0.0031352344584824406,-0.07885875820097757,-0.09260717958469274,-0.0390394523220044,6.007434273085988e-19,0.0,-0.07194247096776962,0.0,0.0,0.0,0.05840151281112546,0.18394273673226938
1.6121418476104736,-0.0015339808305725455,0.0,0.1257864236831665,0.8805050253868103,-0.2485048919916153,0.33325671113645616,-0.0005112098075184926,0.14576134496150434,0.33325671113645605,-0.0005112098075184931,0.14576134496150442,0.0016100359771270933,-0.07831547663295528,-0.09275212121357014,-0.039441703369585926,4.605509273156446e-20,0.0,-0.07194247096776962,0.0,0.0,0.0,0.05676645803483163,0.18388234227814812
1.6321296691894531,-0.0015339808305725455,0.0,0.12271846830844879,0.882038950920105,-0.2485048919916153,0.33353817309826195,-0.000511641565111094,0.146500505816209,0.333538173098262,-0.0005116415651110945,0.14650050581620905,0.001631508404462572,-0.07802781287183702,-0.09288474721355647,-0.03969431407267186,-1.6339038395724683e-19,0.0,-0.07194247096776962,-0.04796164855360985,0.0,0.0,0.05597722215290266,0.1839511118563825
1.652127981185913,-0.0015339808305725455,0.0,0.11811652034521103,0.882038950920105,-0.2485048919916153,0.33353817309826195,-0.000511641565111094,0.146500505816209,0.33426376838244876,-0.0005127546152408272,0.14780700742389943,0.0016719948615124022,-0.07816510534650374,-0.09259699616856355,-0.03952704441862229,3.3748152966548876e-19,0.0,-0.04796164855360985,-0.0959232971072197,0.0,0.0,0.05451605613822005,0.18395346703625662
1.6721317768096924,-0.003067961661145091,-0.0015339808305725455,0.11504856497049332,0.882038950920105,-0.2485048919916153,0.3347086942431441,-0.0005134371235174977,0.1483751100382883,0.3346753059265584,-0.0010267742289827768,0.1491932946919525,0.0034308397474417506,-0.07723513689933643,-0.09303481111984327,-0.040271755814798256,3.270532477676168e-21,0.0,-0.023980824276804924,-0.14388494193553925,0.0,0.0,0.05307750764703125,0.18395317811128623
1.6921253204345703,-0.0015339808305725455,-0.0015339808305725455,0.11044661700725555,0.8805050253868103,-0.2485048919916153,0.33559340827302575,-0.0005147942589443654,0.15063984616227705,0.33559340827302575,-0.000514794258944364,0.15063984616227713,0.0017663263809954456,-0.0778358135057986,-0.09239106051407502,-0.03968344894639506,6.039424108861805e-19,0.0,-0.023980824276804924,-0.16786576807498932,0.0,0.0,0.05142217114436567,0.18388319478020596
1.7121691703796387,-0.003067961661145091,-0.003067961661145091,0.10737866163253784,0.8805050253868103,-0.2485048919916153,0.3359921223055444,-0.0010308141838234895,0.1520331644692276,0.3359921223055444,-0.0010308141838234898,0.15203316446922757,0.003630648850446344,-0.07690078556588528,-0.09283317691953295,-0.04043184163104986,4.91330370967472e-19,0.0,-0.023980824276804924,-0.1918465942144394,0.0,0.0,0.04998100165283375,0.18387892882577514
1.73219895362854,-0.0015339808305725455,-0.004601942375302315,0.10431069880723953,0.8789710402488708,-0.2485048919916153,0.3359921223055444,-0.0010308141838234895,0.1520331644692276,0.3365889680794494,-0.0005163214298009696,0.1535648613232486,0.0018741503677733222,-0.07640025360964904,-0.0929647830309621,-0.040803448100564556,-3.0787809191186913e-19,0.0,-0.04796164855360985,-0.1918465942144394,0.0,0.0,0.048335747319370514,0.1838057954171356
1.7522025108337402,-0.003067961661145091,-0.006135923322290182,0.10124273598194122,0.8789710402488708,-0.2485048919916153,0.33697466760324934,-0.0010338286045848259,0.15496461766055764,0.33697466760324946,-0.0010338286045848272,0.15496461766055766,0.003859691951881649,-0.07542248241699957,-0.09343156445523947,-0.04158504999398105,-5.819026679444983e-19,0.0,-0.04796164855360985,-0.16786576807498932,-0.023980824276804924,0.0,0.04689257668426051,0.18379831947894834
1.7721278667449951,-0.003067961661145091,-0.0076699042692780495,0.09817477315664291,0.8789710402488708,-0.2485048919916153,0.3373553368827102,-0.0010349964870039773,0.15636708280346576,0.33735533688271013,-0.0010349964870039773,0.15636708280346565,0.003979062064019066,-0.07442234023450443,-0.0939379748455216,-0.04240456002817272,6.450571606782102e-19,0.0,-0.04796164855360985,-0.14388494193553925,-0.023980824276804924,0.0,0.045439962435696236,0.18378939003419423
1.7921996116638184,-0.0015339808305725455,-0.010737866163253784,0.09664079546928406,0.8789710402488708,-0.2485048919916153,0.3373553368827102,-0.0010349964870039773,0.15636708280346576,0.3374234201926419,-0.0005176014643506513,0.1578458634926603,0.002054593074699139,-0.07206293785825404,-0.09539313335076235,-0.04441166134020498,-5.572439661352253e-20,0.0,-0.07194247096776962,-0.11990412324666977,0.0,0.0,0.04399328921103963,0.18378438202179523
1.812129020690918,-0.003067961661145091,-0.012271846644580364,0.0951068103313446,0.8759030699729919,-0.2485048919916153,0.3376220692642404,-0.001035814814291771,0.15798455361629538,0.3379643588986921,-0.0010368649490620386,0.15908703533130478,0.004231618482800266,-0.07185968743888398,-0.09526821446315642,-0.044456527886795855,-3.76693143671503e-19,0.0,-0.07194247096776962,-0.0959232971072197,0.0,0.0,0.04265914232171095,0.1836423504862556
1.8321285247802734,-0.0015339808305725455,-0.013805827125906944,0.0951068103313446,0.8759030699729919,-0.2485048919916153,0.33788191739247564,-0.0005183047908177334,0.1596054044558845,0.33788191739247586,-0.0005183047908177346,0.15960540445588442,0.0021405076491338598,-0.07056664373741346,-0.09611013518153899,-0.04556963612606573,-3.40693237251669e-19,0.0,-0.07194247096776962,-0.07194247096776962,-0.023980824276804924,0.0,0.042176295654213714,0.1836423504862555
1.8521313667297363,-0.0015339808305725455,-0.016873789951205254,0.0951068103313446,0.8759030699729919,-0.2485048919916153,0.33788191739247564,-0.0005183047908177334,0.1596054044558845,0.33771226347149413,-0.0005180445447509883,0.16064175540401873,0.002190351332897693,-0.06786672064415403,-0.09777738546514564,-0.047825958390977245,2.6512712764964443e-19,0.0,-0.0959232971072197,-0.023980824276804924,-0.023980824276804924,0.0,0.04123503676270233,0.18364235048625543
1.8721282482147217,-0.0015339808305725455,-0.01840776950120926,0.0951068103313446,0.8743690848350525,-0.2485048919916153,0.33771226347149386,-0.0005180445447509878,0.16064175540401873,0.33782436828411966,-0.0005182165115194554,0.16130086588474515,0.002225452245360039,-0.06699058495719373,-0.09823721659539127,-0.04850780111470956,3.1754147536787737e-19,0.0,-0.0959232971072197,-0.023980824276804924,-0.023980824276804924,0.0,0.04057262053779672,0.1835739403983652
1.8921337127685547,-0.0015339808305725455,-0.019941750913858414,0.09664079546928406,0.8743690848350525,-0.2485048919916153,0.3375161576586805,-0.0005177437219574129,0.16137166737819236,0.3375161576586806,-0.000517743721957415,0.1613716673781924,0.002225832220163482,-0.06552272678274657,-0.09918452468261271,-0.04973139794682898,-1.0109804027178146e-19,0.0,-0.0959232971072197,0.0,-0.023980824276804924,0.0,0.0405987987421494,0.1835797333795119
1.9121339321136475,-0.0015339808305725455,-0.02147573232650757,0.0951068103313446,0.8743690848350525,-0.2485048919916153,0.3376495130356195,-0.0005179482867097449,0.16233703229525276,0.33764951303561985,-0.000517948286709744,0.16233703229525273,0.0022583554721476583,-0.06352399496067548,-0.09908178375016828,-0.05043219452744736,7.28650629910901e-19,0.0,-0.07194247096776962,0.0,-0.023980824276804924,0.0,0.039639651045561254,0.18357394039836541
1.932142972946167,-0.003067961661145091,-0.02147573232650757,0.0951068103313446,0.8743690848350525,-0.2485048919916153,0.33764832125220606,-0.0010358953546370712,0.1623370322952528,0.33764832125220634,-0.0010358953546370723,0.16233703229525276,0.004516705630166457,-0.06352899944016902,-0.09907745539456843,-0.050427090620309444,6.173400053208487e-19,0.0,-0.04796164855360985,0.0,-0.023980824276804924,0.0,0.03965017255199894,0.18357394039836536
1.9521269798278809,-0.0015339808305725455,-0.02147573232650757,0.0951068103313446,0.872835099697113,-0.2485048919916153,0.33764832125220606,-0.0010358953546370712,0.1623370322952528,0.3378469852322465,-0.0005182512055115406,0.1624790745934071,0.002257175669753305,-0.06373219156444741,-0.09820552663546292,-0.04970725151168378,2.306456940237102e-19,0.0,-0.023980824276804924,0.0,0.0,0.0,0.03944343032273382,0.1835054777852786
1.9721291065216064,-0.0015339808305725455,-0.02147573232650757,0.0951068103313446,0.872835099697113,-0.2485048919916153,0.3378469852322462,-0.0005182512055115405,0.1624790745934071,0.3378469852322465,-0.0005182512055115406,0.1624790745934071,0.002257175669753305,-0.06373219156444741,-0.09820552663546292,-0.04970725151168378,2.306456940237102e-19,0.0,0.0,0.0,0.0,0.0,0.03944343032273382,0.1835054777852786
1.9922003746032715,-0.0015339808305725455,-0.02147573232650757,0.0951068103313446,0.872835099697113,-0.2485048919916153,0.3378469852322462,-0.0005182512055115405,0.1624790745934071,0.3378469852322465,-0.0005182512055115406,0.1624790745934071,0.002257175669753305,-0.06373219156444741,-0.09820552663546292,-0.04970725151168378,2.306456940237102e-19,0.0,0.0,0.0,0.0,0.0,0.03944343032273382,0.1835054777852786
2.0121262073516846,-0.003067961661145091,-0.02147573232650757,0.0951068103313446,0.8713011145591736,-0.2485048919916153,0.338043046129446,-0.001037106359226628,0.1626214196440933,0.3380430461294461,-0.0010371063592266266,0.16262141964409327,0.004511991329189878,-0.06394586596265922,-0.09732478593255607,-0.048977733930817245,9.154696403397327e-20,0.0,0.0,0.0,0.0,0.0,0.0392581533555245,0.18343696273820967
2.032144546508789,-0.0015339808305725455,-0.02147573232650757,0.0951068103313446,0.8713011145591736,-0.2485048919916153,0.338043046129446,-0.001037106359226628,0.1626214196440933,0.3380442393061038,-0.0005185537897169278,0.1626214196440933,0.002255998318886076,-0.06394085257505931,-0.09732911885354839,-0.04898283483676183,-2.816694755848992e-19,0.0,0.0,0.0,0.0,0.0,0.039247514331808564,0.18343696273820959
2.052140235900879,-0.0015339808305725455,-0.02147573232650757,0.0951068103313446,0.8713011145591736,-0.2485048919916153,0.338043046129446,-0.001037106359226628,0.1626214196440933,0.3380442393061038,-0.0005185537897169278,0.1626214196440933,0.002255998318886076,-0.06394085257505931,-0.09732911885354839,-0.04898283483676183,-2.816694755848992e-19,0.0,0.0,0.0,0.0,0.0,0.039247514331808564,0.18343696273820959
2.0721421241760254,-0.003067961661145091,-0.02147573232650757,0.09357283264398575,0.8713011145591736,-0.2485048919916153,0.33804423930610356,-0.0005185537897169267,0.16262141964409327,0.33826241445923355,-0.00103777937496365,0.16307004787084067,0.0045093753266258595,-0.06318910090944478,-0.09601603111265147,-0.04831198714007448,-3.3127509740436425e-19,0.0,0.0,0.0,0.0,0.0,0.038764278203262205,0.1834305276746335
2.09208345413208,-0.0015339808305725455,-0.02147573232650757,0.09050486981868744,0.8713011145591736,-0.2485048919916153,0.33870028183277395,-0.0005195601471662319,0.16396831339018902,0.33870028183277423,-0.0005195601471662312,0.163968313390189,0.0022520908330724973,-0.061682631416067044,-0.09339966856595164,-0.04697628243087476,2.414474881908495e-19,0.0,0.0,-0.023980824276804924,0.0,0.0,0.0377655400246427,0.18341658191913132
2.1120846271514893,-0.0015339808305725455,-0.02147573232650757,0.08590292930603027,0.8697671294212341,-0.2485048919916153,0.3395458333681056,-0.000520857208030062,0.1654626668298072,0.3395458333681059,-0.000520857208030063,0.16546266682980718,0.002247073214446021,-0.05968133605426541,-0.08858199238478122,-0.04421039050572255,-2.2701466296925983e-19,0.0,0.0,-0.07194247096776962,0.0,0.0,0.03608861696861583,0.18332357373167585
2.1320855617523193,-0.003067961661145091,-0.02147573232650757,0.08283496648073196,0.8682331442832947,-0.2485048919916153,0.3395458333681056,-0.000520857208030062,0.1654626668298072,0.34016900703782754,-0.001043628746250395,0.1665102089351241,0.00448675768162331,-0.05845400107137073,-0.08506601308789923,-0.04209760130256978,2.686120470288941e-19,0.0,0.0,-0.11990412324666977,-0.023980824276804924,0.0,0.034918529309684934,0.18323604217075118
2.1520841121673584,-0.0015339808305725455,-0.02147573232650757,0.0782330259680748,0.8666991591453552,-0.2485048919916153,0.3405963179108789,-0.0005224686324454353,0.16741430763791254,0.3410024837020161,-0.0005230916834717749,0.16801339314350308,0.0022384780820303768,-0.056529799717248766,-0.08023220074445918,-0.039277800141665195,-2.488883599769588e-19,0.0,0.0,-0.16786576807498932,-0.023980824276804924,0.0,0.03323209205924147,0.18313607772133442
2.1720831394195557,-0.0015339808305725455,-0.023009711876511574,0.07516506314277649,0.8651651740074158,-0.2485048919916153,0.3414227731710888,-0.0010474752647476001,0.1689200381627913,0.3415185052571362,-0.00052388325126637,0.16959143718348724,0.002235447966469607,-0.05319890542579829,-0.0763954027184265,-0.037688516241546496,-5.502657374566502e-20,0.0,0.0,-0.1918465942144394,-0.023980824276804924,0.0,0.03157357913350951,0.18304366473993836
2.1921446323394775,-0.0015339808305725455,-0.02454369328916073,0.07056311517953873,0.8651651740074158,-0.2485048919916153,0.34193416199082993,-0.0010490441909629551,0.1705006044768201,0.3420409091501999,-0.0005246846094527038,0.1714804309873543,0.0022323881788287956,-0.04898621854979791,-0.0720937698255934,-0.036083848805353175,1.0009822629409892e-19,0.0,0.0,-0.1918465942144394,-0.04796164855360985,0.0,0.029613987197975037,0.18300782480383349
2.212085247039795,-0.0015339808305725455,-0.026077674701809883,0.06749515980482101,0.8636311888694763,-0.2485048919916153,0.34253955742549375,-0.0005254495269481775,0.1730674699482994,0.34253955742549397,-0.0005254495269481757,0.1730674699482994,0.002229474831647146,-0.045749166487334014,-0.06821889713659707,-0.03441597498672509,2.1975333246634684e-19,0.0,-0.023980824276804924,-0.16786576807498932,-0.04796164855360985,0.0,0.027951663199148415,0.18291090658043344
2.2320849895477295,-0.0015339808305725455,-0.029145635664463043,0.06749515980482101,0.8636311888694763,-0.2485048919916153,0.34232858071072236,-0.0005251258924581731,0.17411804636457176,0.34232858071072236,-0.0005251258924581717,0.17411804636457176,0.002230706592138379,-0.041492273759775905,-0.06755519143287117,-0.0354762149503692,1.0663679155024959e-19,0.0,-0.04796164855360985,-0.14388494193553925,-0.023980824276804924,0.0,0.027000036205555137,0.18291090658043338
2.2520840167999268,-0.003067961661145091,-0.03221359848976135,0.0644271969795227,0.8636311888694763,-0.2485048919916153,0.34232858071072236,-0.0005251258924581731,0.17411804636457176,0.34251417174757237,-0.0010508236442427024,0.17608462654037269,0.004459226593001811,-0.035953121914154035,-0.06418479201992006,-0.035015961734073585,2.022514697510384e-19,0.0,-0.0959232971072197,-0.11990412324666977,-0.023980824276804924,0.0,0.025081605663704827,0.18288361624903904
2.272141695022583,-0.003067961661145091,-0.03374757990241051,0.06289321184158325,0.8636311888694763,-0.2485048919916153,0.34251538070577825,-0.0005254124402944983,0.17608462654037282,0.3426031985662429,-0.0010510967759661393,0.17706904979212562,0.004458187687782324,-0.033201487632896584,-0.062489165580506024,-0.03476926828132124,3.4635962882180697e-19,0.0,-0.11990412324666977,-0.0959232971072197,-0.023980824276804924,0.0,0.024117337193788453,0.1828694540806749
2.2921602725982666,-0.0015339808305725455,-0.03528155758976936,0.061359234154224396,0.8620972037315369,-0.2485048919916153,0.3426031985662428,-0.001051096775966139,0.17706904979212562,0.3428793763471638,-0.0005259708030687567,0.17820751796304551,0.002227493516440366,-0.030723838498042125,-0.059904485875189865,-0.03375185208325349,-1.0278877658202252e-19,0.0,-0.11990412324666977,-0.07194247096776962,0.0,0.0,0.022932339606372375,0.1827830599519503
2.3121280670166016,-0.0015339808305725455,-0.03834952041506767,0.061359234154224396,0.8636311888694763,-0.2485048919916153,0.3425765702350828,-0.0010510150810107248,0.17857980764552844,0.3424642380273651,-0.0005253339883446511,0.17910522922756192,0.002229914428185284,-0.026262935280010363,-0.060070730251185075,-0.035508826430412865,3.891199576639751e-19,0.0,-0.0959232971072197,-0.07194247096776962,0.0,0.0,0.0222183511976081,0.18285494826502582
2.3321282863616943,-0.0015339808305725455,-0.03988350182771683,0.061359234154224396,0.8636311888694763,-0.2485048919916153,0.34234989078910594,-0.0005251585817355518,0.17963047602089854,0.34234989078910616,-0.0005251585817355522,0.17963047602089857,0.002230582118167688,-0.024169443650349575,-0.059706527120454,-0.03600058683241934,1.3827634635744075e-19,0.0,-0.0959232971072197,-0.04796164855360985,0.0,0.0,0.021765051564601484,0.18285494826502577
2.352201223373413,-0.0015339808305725455,-0.04295146465301514,0.061359234154224396,0.8636311888694763,-0.2485048919916153,0.34211877983449773,-0.0005248040616833741,0.1806804402980654,0.34211877983449784,-0.0005248040616833722,0.18068044029806538,0.0022319327509853376,-0.019990953979049587,-0.05896844359125742,-0.03697373594911298,8.107653650699329e-19,0.0,-0.0959232971072197,-0.023980824276804924,0.0,0.0,0.020871857552141677,0.18285494826502574
2.3721277713775635,-0.0015339808305725455,-0.04295146465301514,0.061359234154224396,0.8620972037315369,-0.2485048919916153,0.34211877983449773,-0.0005248040616833741,0.1806804402980654,0.3423064601204645,-0.0005250919598701406,0.18083518977961344,0.002230835814125992,-0.02026281165997138,-0.05808409183757121,-0.03620258562417643,2.4578472020802596e-19,0.0,-0.0959232971072197,0.0,0.0,0.0,0.020658079006232805,0.1827830599519502
2.3921289443969727,-0.0015339808305725455,-0.04448544234037399,0.061359234154224396,0.8620972037315369,-0.2485048919916153,0.3423064601204644,-0.0005250919598701408,0.1808351897796135,0.34218945962978625,-0.0005249124832194985,0.18136019123424338,0.0022315195296317104,-0.018179120595917368,-0.05771033267748461,-0.036682359813644594,-2.184728559325705e-19,0.0,-0.07194247096776962,0.0,0.0,0.0,0.020216887614411764,0.1827830599519503
2.412130832672119,-0.0015339808305725455,-0.04448544234037399,0.061359234154224396,0.8605632185935974,-0.2485048919916153,0.34237666426813973,-0.0005251996517713714,0.18151551578342495,0.34237666426813984,-0.000525199651771369,0.18151551578342498,0.0022304257504317943,-0.018452778333321457,-0.05682580543370041,-0.03591014367728669,5.468006287444985e-19,0.0,-0.04796164855360985,0.0,0.0,0.0,0.02000168090705598,0.1827111190065846
2.4321258068084717,-0.0015339808305725455,-0.04448544234037399,0.061359234154224396,0.8605632185935974,-0.2485048919916153,0.34237666426813973,-0.0005251996517713714,0.18151551578342495,0.34237666426813984,-0.000525199651771369,0.18151551578342498,0.0022304257504317943,-0.018452778333321457,-0.05682580543370041,-0.03591014367728669,5.468006287444985e-19,0.0,-0.023980824276804924,0.0,-0.023980824276804924,0.0,0.02000168090705598,0.1827111190065846
2.4521310329437256,-0.0015339808305725455,-0.04295146465301514,0.061359234154224396,0.8590292930603027,-0.2485048919916153,0.34237666426813973,-0.0005251996517713714,0.18151551578342495,0.34268110017037134,-0.0005256666509758312,0.1811455454877814,0.002228649165639585,-0.020808035716254798,-0.05631454578514428,-0.03466195333149124,1.2301351032058445e-19,0.0,0.0,0.0,-0.023980824276804924,0.0,0.02023198149211805,0.18263912832448184
2.472156524658203,-0.0015339808305725455,-0.04295146465301514,0.061359234154224396,0.8590292930603027,-0.2485048919916153,0.34267989062723414,-0.001051332065007186,0.1811455454877815,0.34268110017037134,-0.0005256666509758312,0.1811455454877814,0.002228649165639585,-0.020808035716254798,-0.05631454578514428,-0.03466195333149124,1.2301351032058445e-19,0.0,0.0,0.0,-0.023980824276804924,0.0,0.02023198149211805,0.18263912832448184
2.492133855819702,-0.003067961661145091,-0.04295146465301514,0.061359234154224396,0.8590292930603027,-0.2485048919916153,0.34267989062723414,-0.001051332065007186,0.1811455454877815,0.34267989062723414,-0.001051332065007186,0.18114554548778142,0.004457293087052109,-0.020813229863576893,-0.05631025218491064,-0.034656845317133374,3.1716843983692834e-19,0.0,0.0,0.0,-0.023980824276804924,0.0,0.020252894985494953,0.182639128324482
2.5121281147003174,-0.0015339808305725455,-0.04448544234037399,0.061359234154224396,0.8574953079223633,-0.2485048919916153,0.34275035039775636,-0.0005257728795804745,0.18182701941229384,0.3427503503977565,-0.0005257728795804743,0.18182701941229387,0.0022282454144219163,-0.019001606100347162,-0.055055893031602944,-0.03436738296459336,4.0869475100425007e-19,0.0,0.0,0.0,-0.023980824276804924,0.0,0.019572712635640362,0.18256708240818406
2.532203197479248,-0.0015339808305725455,-0.04448544234037399,0.061359234154224396,0.8574953079223633,-0.2485048919916153,0.34275035039775636,-0.0005257728795804745,0.18182701941229384,0.3427503503977565,-0.0005257728795804743,0.18182701941229387,0.0022282454144219163,-0.019001606100347162,-0.055055893031602944,-0.03436738296459336,4.0869475100425007e-19,0.0,0.0,0.0,-0.023980824276804924,0.0,0.019572712635640362,0.18256708240818406
2.5521957874298096,-0.0015339808305725455,-0.04448544234037399,0.061359234154224396,0.8574953079223633,-0.2485048919916153,0.3427491406101904,-0.0010515445219665069,0.18182701941229384,0.3427503503977565,-0.0005257728795804743,0.18182701941229387,0.0022282454144219163,-0.019001606100347162,-0.055055893031602944,-0.03436738296459336,4.0869475100425007e-19,0.0,0.0,0.0,0.0,0.0,0.019572712635640362,0.18256708240818406
2.5721302032470703,-0.0015339808305725455,-0.04295146465301514,0.061359234154224396,0.8574953079223633,-0.2485048919916153,0.3428680663314078,-0.000525953453707785,0.18130115701382232,0.3428680663314079,-0.000525953453707784,0.1813011570138223,0.002227559406503933,-0.021081412211321888,-0.05542931207620058,-0.03389244434537411,3.607239171343385e-19,0.0,0.0,0.0,0.0,0.0,0.02001968615913827,0.182567082408184
2.5921268463134766,-0.0015339808305725455,-0.04295146465301514,0.061359234154224396,0.8559613227844238,-0.2485048919916153,0.3428680663314078,-0.000525953453707785,0.18130115701382232,0.3430547935670747,-0.0005262398899325132,0.18145705516031488,0.0022264720349542827,-0.021355294505709062,-0.05454377935427943,-0.03312348540157635,6.042628401312343e-19,0.0,0.0,0.0,0.0,0.0,0.01980791821836178,0.18249498415153184
2.6122002601623535,-0.0015339808305725455,-0.04448544234037399,0.061359234154224396,0.8559613227844238,-0.2485048919916153,0.3430547935670747,-0.0005262398899325145,0.18145705516031496,0.3429368382698275,-0.0005260589486257481,0.18198320381100336,0.0022271588102265225,-0.01927678631512489,-0.05417046846017474,-0.03359681134310732,-2.516060560395301e-19,0.0,0.0,0.0,0.0,0.0,0.019358975607191783,0.18249498415153187
2.6321287155151367,-0.0015339808305725455,-0.04448544234037399,0.05982525274157524,0.8559613227844238,-0.2485048919916153,0.34293562782402515,-0.0010521166593839067,0.18198320381100336,0.34312802717304813,-0.0005263522289683459,0.1824464301728473,0.0022260458437734004,-0.018679005540668578,-0.05280318082986294,-0.03280429824355595,-1.4104925713042276e-19,0.0,0.0,0.0,0.0,0.0,0.018858124797551588,0.18247945127840184
2.6521270275115967,-0.0015339808305725455,-0.04448544234037399,0.05982525274157524,0.8559613227844238,-0.2485048919916153,0.3432454812836625,-0.001053067280901189,0.18191998769741136,0.34312802717304813,-0.0005263522289683459,0.1824464301728473,0.0022260458437734004,-0.018679005540668578,-0.05280318082986294,-0.03280429824355595,-1.4104925713042276e-19,0.0,0.0,0.0,0.0,0.0,0.018858124797551588,0.18247945127840184
2.6721272468566895,-0.003067961661145091,-0.04295146465301514,0.058291271328926086,0.8544273376464844,-0.2485048919916153,0.34362267668042756,-0.0010542245055479762,0.18253996986266333,0.34362267668042745,-0.0010542245055479762,0.18253996986266338,0.004446323028798148,-0.02044011448091228,-0.05092105772775735,-0.030765775560527293,2.7555389386890756e-19,0.0,0.0,-0.023980824276804924,0.0,0.0,0.01861811737064639,0.18239115296180602
2.692131757736206,-0.0015339808305725455,-0.04448544234037399,0.05522330850362778,0.8559613227844238,-0.2485048919916153,0.34362267668042756,-0.0010542245055479762,0.18253996986266333,0.3436973272647843,-0.0005272255250808979,0.18383786130754018,0.0022227379390679014,-0.016908940684771247,-0.04869458805664265,-0.030408533466630205,-1.2005185691365462e-19,0.0,0.0,-0.04796164855360985,0.0,0.0,0.017355586347796926,0.18243080758829583
2.712127447128296,-0.0015339808305725455,-0.04295146465301514,0.05062136799097061,0.8544273376464844,-0.2485048919916153,0.3443793513049805,-0.0010565459615695526,0.1843969290014964,0.3445679548381103,-0.0005285610521364879,0.18486189179284965,0.002217696942782694,-0.017515702314646754,-0.04407421816025492,-0.026757269624174664,2.0234692607722103e-19,0.0,0.0,-0.07194247096776962,0.0,0.0,0.016091886512091667,0.18230600617204584
2.732128381729126,-0.0015339808305725455,-0.04295146465301514,0.04601942375302315,0.8544273376464844,-0.2485048919916153,0.3446295190273555,-0.0010573134689586827,0.18585589309666906,0.3451258362753734,-0.0005294168322382259,0.18625849720434215,0.00221447801181431,-0.015810397909413847,-0.03995003575662296,-0.024312721224188066,1.0716329733571336e-19,0.0,0.0,-0.11990412324666977,0.0,0.0,0.014589950420744943,0.18225086905278318
2.752126693725586,-0.0015339808305725455,-0.04448544234037399,0.04295146465301514,0.8544273376464844,-0.2485048919916153,0.34531036778346136,-0.0005296999002562993,0.18672460103581673,0.3453674297595594,-0.0005297874323024449,0.18772087013139568,0.002213086751529189,-0.012657716137694513,-0.03679703128229349,-0.023102114951642085,2.1414249590650927e-19,0.0,0.0,-0.16786576807498932,0.0,0.0,0.013134626453999064,0.18221243541685014
2.7721235752105713,-0.0015339808305725455,-0.04295146465301514,0.03834952041506767,0.8513593673706055,-0.2485048919916153,0.3464062877065555,-0.0005313810217287826,0.1889135373776137,0.34640628770655546,-0.0005313810217287836,0.1889135373776137,0.002207122917330341,-0.013654057745247108,-0.031265569043272975,-0.018607200457243355,-1.37083665054168e-19,0.0,0.0,-0.16786576807498932,0.0,0.0,0.011666481359684946,0.18200376068146795
2.7921271324157715,-0.0015339808305725455,-0.04448544234037399,0.03681553900241852,0.8513593673706055,-0.2485048919916153,0.34645662942011335,-0.0005314582450129298,0.1899131595414889,0.34645662942011346,-0.0005314582450129295,0.18991315954148888,0.0022068346828639077,-0.011098038959867848,-0.02947577607419977,-0.018187395792668686,-1.4643228933453032e-19,0.0,0.0,-0.1918465942144394,0.0,0.0,0.010704310971195419,0.18198277881553607
2.8121261596679688,-0.003067961661145091,-0.04295146465301514,0.03374757990241051,0.8513593673706055,-0.2485048919916153,0.34645662942011335,-0.0005314582450129298,0.1899131595414889,0.3469442792896878,-0.001064415086979337,0.19031855863359956,0.004408073351893456,-0.012057362258719265,-0.027106757460291103,-0.01607785699719343,4.1317604183166944e-19,0.0,0.0,-0.16786576807498932,-0.023980824276804924,0.0,0.010207875169097134,0.18193982467892614
2.8321993350982666,-0.0015339808305725455,-0.04448544234037399,0.03374757990241051,0.8513593673706055,-0.2485048919916153,0.3471238052028255,-0.0005324816806769804,0.19078744902669104,0.3468139506825451,-0.0005320063694097848,0.19085066512583962,0.0022047908451481384,-0.010040895634760672,-0.026700806677932874,-0.01649532715699373,2.926812955704047e-19,0.0,0.0,-0.11990412324666977,-0.023980824276804924,0.0,0.009702797002404758,0.18193982467892617
2.852199077606201,-0.0015339808305725455,-0.04448544234037399,0.03374757990241051,0.849825382232666,-0.2485048919916153,0.34699506252799706,-0.0005322841917268133,0.19101305292377102,0.3469950625279972,-0.0005322841917268148,0.19101305292377105,0.002203756260390573,-0.010353575054202814,-0.025804464349211863,-0.01570570639337097,2.0069989616319322e-19,0.0,0.0,-0.07194247096776962,-0.023980824276804924,0.0,0.009490953240973684,0.1818650819524828
2.872201681137085,-0.003067961661145091,-0.04448544234037399,0.03374757990241051,0.849825382232666,-0.2485048919916153,0.3469938377580978,-0.001064567130937437,0.19101305292377105,0.346993837758098,-0.0010645671309374375,0.19101305292377102,0.004407507335129488,-0.010358850553038396,-0.02580017602908216,-0.015700592413608928,-3.423605834164489e-19,0.0,0.0,-0.023980824276804924,-0.023980824276804924,0.0,0.009536012392601547,0.1818650819524828
2.892130136489868,-0.003067961661145091,-0.04448544234037399,0.03221359848976135,0.849825382232666,-0.2485048919916153,0.34717116966172795,-0.0010651111801260073,0.191482493907016,0.3471711696617281,-0.0010651111801260093,0.19148249390701602,0.004405483109322522,-0.009837923960921084,-0.024410420490040587,-0.014848854918146146,-1.2244663573363363e-19,0.0,0.0,0.0,-0.023980824276804924,0.0,0.009037956237600184,0.18184297752579612
2.91212797164917,-0.003067961661145091,-0.04295146465301514,0.03374757990241051,0.849825382232666,-0.2485048919916153,0.34717116966172795,-0.0010651111801260073,0.191482493907016,0.3471256393807826,-0.0010649714945313868,0.19048066841872682,0.004406002666531573,-0.012368708492886517,-0.026210362029070438,-0.015289819935059172,3.232752494600493e-20,0.0,0.0,0.0,0.0,0.0,0.010000689326626297,0.18186508195248288
2.932084560394287,-0.0015339808305725455,-0.04448544234037399,0.03374757990241051,0.849825382232666,-0.2485048919916153,0.3469938377580978,-0.001064567130937437,0.19101305292377105,0.3469950625279972,-0.0005322841917268148,0.19101305292377105,0.002203756260390573,-0.010353575054202814,-0.025804464349211863,-0.01570570639337097,2.0069989616319322e-19,0.0,0.0,0.0,0.0,0.0,0.009490953240973684,0.1818650819524828
2.952138900756836,-0.0015339808305725455,-0.04448544234037399,0.03374757990241051,0.849825382232666,-0.2485048919916153,0.3469938377580978,-0.001064567130937437,0.19101305292377105,0.3469950625279972,-0.0005322841917268148,0.19101305292377105,0.002203756260390573,-0.010353575054202814,-0.025804464349211863,-0.01570570639337097,2.0069989616319322e-19,0.0,0.0,0.0,0.0,0.0,0.009490953240973684,0.1818650819524828
2.972132682800293,-0.003067961661145091,-0.04295146465301514,0.03374757990241051,0.849825382232666,-0.2485048919916153,0.3471256393807826,-0.0010649714945313873,0.19048066841872685,0.3471256393807826,-0.0010649714945313868,0.19048066841872682,0.004406002666531573,-0.012368708492886517,-0.026210362029070438,-0.015289819935059172,3.232752494600493e-20,0.0,0.0,0.0,0.0,0.0,0.010000689326626297,0.18186508195248288
2.992133378982544,-0.0015339808305725455,-0.04295146465301514,0.03374757990241051,0.849825382232666,-0.2485048919916153,0.34712686461589665,-0.0005324863737616654,0.19048066841872682,0.34712686461589665,-0.0005324863737616658,0.19048066841872677,0.0022030039252064534,-0.012363437888593105,-0.026214653586497886,-0.015294934598293805,-3.81630984335111e-20,0.0,0.0,0.0,0.0,0.0,0.009957716727636642,0.18186508195248272
3.0121254920959473,-0.0015339808305725455,-0.04448544234037399,0.03374757990241051,0.849825382232666,-0.2485048919916153,0.34699506252799706,-0.0005322841917268133,0.19101305292377102,0.3469950625279972,-0.0005322841917268148,0.19101305292377105,0.002203756260390573,-0.010353575054202814,-0.025804464349211863,-0.01570570639337097,2.0069989616319322e-19,0.0,0.0,0.0,0.0,0.0,0.009490953240973684,0.1818650819524828
3.032127857208252,-0.003067961661145091,-0.04295146465301514,0.03374757990241051,0.849825382232666,-0.2485048919916153,0.34699506252799706,-0.0005322841917268133,0.19101305292377102,0.3471256393807826,-0.0010649714945313868,0.19048066841872682,0.004406002666531573,-0.012368708492886517,-0.026210362029070438,-0.015289819935059172,3.232752494600493e-20,0.0,0.0,0.0,0.0,0.0,0.010000689326626297,0.18186508195248288
3.052125930786133,-0.003067961661145091,-0.04295146465301514,0.03374757990241051,0.849825382232666,-0.2485048919916153,0.3471256393807826,-0.0010649714945313873,0.19048066841872685,0.3471256393807826,-0.0010649714945313868,0.19048066841872682,0.004406002666531573,-0.012368708492886517,-0.026210362029070438,-0.015289819935059172,3.232752494600493e-20,0.0,0.0,0.0,0.0,0.0,0.010000689326626297,0.18186508195248288
3.0721280574798584,-0.003067961661145091,-0.04295146465301514,0.03374757990241051,0.849825382232666,-0.2485048919916153,0.34712686461589665,-0.0005324863737616654,0.19048066841872682,0.3471256393807826,-0.0010649714945313868,0.19048066841872682,0.004406002666531573,-0.012368708492886517,-0.026210362029070438,-0.015289819935059172,3.232752494600493e-20,0.0,0.0,0.0,0.0,0.0,0.010000689326626297,0.18186508195248288
3.0921318531036377,-0.0015339808305725455,-0.04295146465301514,0.03374757990241051,0.849825382232666,-0.2485048919916153,0.34712686461589665,-0.0005324863737616654,0.19048066841872682,0.34712686461589665,-0.0005324863737616658,0.19048066841872677,0.0022030039252064534,-0.012363437888593105,-0.026214653586497886,-0.015294934598293805,-3.81630984335111e-20,0.0,0.0,0.0,0.0,0.0,0.009957716727636642,0.18186508195248272
3.1121459007263184,-0.003067961661145091,-0.04448544234037399,0.03374757990241051,0.849825382232666,-0.2485048919916153,0.34712686461589665,-0.0005324863737616654,0.19048066841872682,0.346993837758098,-0.0010645671309374375,0.19101305292377102,0.004407507335129488,-0.010358850553038396,-0.02580017602908216,-0.015700592413608928,-3.423605834164489e-19,0.0,0.0,0.0,0.0,0.0,0.009536012392601547,0.1818650819524828
3.1320860385894775,-0.0015339808305725455,-0.04295146465301514,0.03374757990241051,0.849825382232666,-0.2485048919916153,0.34712686461589665,-0.0005324863737616654,0.19048066841872682,0.34712686461589665,-0.0005324863737616658,0.19048066841872677,0.0022030039252064534,-0.012363437888593105,-0.026214653586497886,-0.015294934598293805,-3.81630984335111e-20,0.0,0.0,0.0,0.0,0.0,0.009957716727636642,0.18186508195248272
3.1520867347717285,-0.003067961661145091,-0.04295146465301514,0.03374757990241051,0.849825382232666,-0.2485048919916153,0.3471256393807826,-0.0010649714945313873,0.19048066841872685,0.3471256393807826,-0.0010649714945313868,0.19048066841872682,0.004406002666531573,-0.012368708492886517,-0.026210362029070438,-0.015289819935059172,3.232752494600493e-20,0.0,0.0,0.0,0.0,0.0,0.010000689326626297,0.18186508195248288
3.172206163406372,-0.003067961661145091,-0.04295146465301514,0.03221359848976135,0.849825382232666,-0.2485048919916153,0.3473036911840965,-0.0010655177523515168,0.19094983682529715,0.34730369118409654,-0.0010655177523515185,0.1909498368252971,0.004403971527379732,-0.011844260942588085,-0.02482268883433923,-0.01444119534721004,-1.5771824345252836e-19,0.0,0.0,0.0,0.0,0.0,0.009503202765386186,0.1818429775257961
3.192204713821411,-0.0015339808305725455,-0.04295146465301514,0.03374757990241051,0.849825382232666,-0.2485048919916153,0.3473036911840965,-0.0010655177523515168,0.19094983682529715,0.34712686461589665,-0.0005324863737616658,0.19048066841872677,0.0022030039252064534,-0.012363437888593105,-0.026214653586497886,-0.015294934598293805,-3.81630984335111e-20,0.0,0.0,0.0,0.0,0.0,0.009957716727636642,0.18186508195248272
3.2120895385742188,-0.003067961661145091,-0.04295146465301514,0.03221359848976135,0.849825382232666,-0.2485048919916153,0.34717116966172795,-0.0010651111801260073,0.191482493907016,0.34730369118409654,-0.0010655177523515185,0.1909498368252971,0.004403971527379732,-0.011844260942588085,-0.02482268883433923,-0.01444119534721004,-1.5771824345252836e-19,0.0,0.0,0.0,0.0,0.0,0.009503202765386186,0.1818429775257961
3.232088565826416,-0.0015339808305725455,-0.04295146465301514,0.03374757990241051,0.849825382232666,-0.2485048919916153,0.34712686461589665,-0.0005324863737616654,0.19048066841872682,0.34712686461589665,-0.0005324863737616658,0.19048066841872677,0.0022030039252064534,-0.012363437888593105,-0.026214653586497886,-0.015294934598293805,-3.81630984335111e-20,0.0,0.0,0.0,0.0,0.0,0.009957716727636642,0.18186508195248272
3.2521278858184814,-0.0015339808305725455,-0.04295146465301514,0.03374757990241051,0.849825382232666,-0.2485048919916153,0.34712686461589665,-0.0005324863737616654,0.19048066841872682,0.34712686461589665,-0.0005324863737616658,0.19048066841872677,0.0022030039252064534,-0.012363437888593105,-0.026214653586497886,-0.015294934598293805,-3.81630984335111e-20,0.0,0.0,0.0,0.0,0.0,0.009957716727636642,0.18186508195248272
3.272125482559204,-0.0015339808305725455,-0.04448544234037399,0.03374757990241051,0.849825382232666,-0.2485048919916153,0.34717239505754827,-0.000532556216641149,0.191482493907016,0.3469950625279972,-0.0005322841917268148,0.19101305292377105,0.002203756260390573,-0.010353575054202814,-0.025804464349211863,-0.01570570639337097,2.0069989616319322e-19,0.0,0.0,0.0,0.0,0.0,0.009490953240973684,0.1818650819524828
3.2921268939971924,-0.003067961661145091,-0.04295146465301514,0.03374757990241051,0.849825382232666,-0.2485048919916153,0.3471256393807826,-0.0010649714945313873,0.19048066841872685,0.3471256393807826,-0.0010649714945313868,0.19048066841872682,0.004406002666531573,-0.012368708492886517,-0.026210362029070438,-0.015289819935059172,3.232752494600493e-20,0.0,0.0,0.0,0.0,0.0,0.010000689326626297,0.18186508195248288
3.312126398086548,-0.003067961661145091,-0.04295146465301514,0.03221359848976135,0.849825382232666,-0.2485048919916153,0.3473036911840965,-0.0010655177523515168,0.19094983682529715,0.34730369118409654,-0.0010655177523515185,0.1909498368252971,0.004403971527379732,-0.011844260942588085,-0.02482268883433923,-0.01444119534721004,-1.5771824345252836e-19,0.0,0.0,0.0,0.0,0.0,0.009503202765386186,0.1818429775257961
3.332125663757324,-0.003067961661145091,-0.04295146465301514,0.03221359848976135,0.849825382232666,-0.2485048919916153,0.3473036911840965,-0.0010655177523515168,0.19094983682529715,0.34730369118409654,-0.0010655177523515185,0.1909498368252971,0.004403971527379732,-0.011844260942588085,-0.02482268883433923,-0.01444119534721004,-1.5771824345252836e-19,0.0,0.0,0.0,0.0,0.0,0.009503202765386186,0.1818429775257961
3.352125883102417,-0.0015339808305725455,-0.04295146465301514,0.03374757990241051,0.849825382232666,-0.25003886222839355,0.3473036911840965,-0.0010655177523515168,0.19094983682529715,0.34712686461589665,-0.0005324863737616671,0.19048066841872677,0.002203003925206459,-0.012363437888593112,-0.02621465358649789,-0.015294934598293806,-2.3875025666039454e-22,0.0,0.0,0.0,0.0,0.0,0.009957716727636642,0.18186508195248277
3.372174024581909,-0.003067961661145091,-0.04295146465301514,0.03374757990241051,0.849825382232666,-0.2485048919916153,0.3473036911840965,-0.0010655177523515168,0.19094983682529715,0.3471256393807826,-0.0010649714945313868,0.19048066841872682,0.004406002666531573,-0.012368708492886517,-0.026210362029070438,-0.015289819935059172,3.232752494600493e-20,0.0,0.0,0.0,0.0,0.0,0.010000689326626297,0.18186508195248288
3.392127752304077,-0.0015339808305725455,-0.04295146465301514,0.03374757990241051,0.849825382232666,-0.2485048919916153,0.34712686461589665,-0.0005324863737616654,0.19048066841872682,0.34712686461589665,-0.0005324863737616658,0.19048066841872677,0.0022030039252064534,-0.012363437888593105,-0.026214653586497886,-0.015294934598293805,-3.81630984335111e-20,0.0,0.0,0.0,0.0,0.0,0.009957716727636642,0.18186508195248272
3.412195920944214,-0.0015339808305725455,-0.04295146465301514,0.03374757990241051,0.849825382232666,-0.2485048919916153,0.34712686461589665,-0.0005324863737616654,0.19048066841872682,0.34712686461589665,-0.0005324863737616658,0.19048066841872677,0.0022030039252064534,-0.012363437888593105,-0.026214653586497886,-0.015294934598293805,-3.81630984335111e-20,0.0,0.0,0.0,0.0,0.0,0.009957716727636642,0.18186508195248272
3.432215690612793,-0.0015339808305725455,-0.04295146465301514,0.03374757990241051,0.849825382232666,-0.2485048919916153,0.34712686461589665,-0.0005324863737616654,0.19048066841872682,0.34712686461589665,-0.0005324863737616658,0.19048066841872677,0.0022030039252064534,-0.012363437888593105,-0.026214653586497886,-0.015294934598293805,-3.81630984335111e-20,0.0,0.0,0.0,0.0,0.0,0.009957716727636642,0.18186508195248272
3.452129602432251,-0.003067961661145091,-0.04295146465301514,0.03374757990241051,0.849825382232666,-0.2485048919916153,0.34712686461589665,-0.0005324863737616654,0.19048066841872682,0.3471256393807826,-0.0010649714945313868,0.19048066841872682,0.004406002666531573,-0.012368708492886517,-0.026210362029070438,-0.015289819935059172,3.232752494600493e-20,0.0,0.0,0.0,0.0,0.0,0.010000689326626297,0.18186508195248288
3.4721977710723877,-0.0015339808305725455,-0.04295146465301514,0.03374757990241051,0.849825382232666,-0.2485048919916153,0.34712686461589665,-0.0005324863737616654,0.19048066841872682,0.34712686461589665,-0.0005324863737616658,0.19048066841872677,0.0022030039252064534,-0.012363437888593105,-0.026214653586497886,-0.015294934598293805,-3.81630984335111e-20,0.0,0.0,0.0,0.0,0.0,0.009957716727636642,0.18186508195248272
3.492131233215332,-0.0015339808305725455,-0.04295146465301514,0.03374757990241051,0.849825382232666,-0.2485048919916153,0.34712686461589665,-0.0005324863737616654,0.19048066841872682,0.34712686461589665,-0.0005324863737616658,0.19048066841872677,0.0022030039252064534,-0.012363437888593105,-0.026214653586497886,-0.015294934598293805,-3.81630984335111e-20,0.0,0.0,0.0,0.0,0.0,0.009957716727636642,0.18186508195248272
3.5121285915374756,-0.003067961661145091,-0.04295146465301514,0.03374757990241051,0.849825382232666,-0.2485048919916153,0.3471256393807826,-0.0010649714945313873,0.19048066841872685,0.3471256393807826,-0.0010649714945313868,0.19048066841872682,0.004406002666531573,-0.012368708492886517,-0.026210362029070438,-0.015289819935059172,3.232752494600493e-20,0.0,0.0,0.0,0.0,0.0,0.010000689326626297,0.18186508195248288
3.532104969024658,-0.0015339808305725455,-0.04295146465301514,0.03221359848976135,0.849825382232666,-0.2485048919916153,0.34730491704767263,-0.00053275950299308,0.1909498368252971,0.34730491704767275,-0.0005327595029930781,0.19094983682529706,0.0022019883544356507,-0.011838987592574726,-0.024826979431658257,-0.014446310923589998,1.5509392214590646e-19,0.0,0.0,0.0,0.0,0.0,0.009457946833044878,0.18184297752579603
3.552104949951172,-0.0015339808305725455,-0.04295146465301514,0.03221359848976135,0.849825382232666,-0.2485048919916153,0.34730491704767263,-0.00053275950299308,0.1909498368252971,0.34730491704767275,-0.0005327595029930781,0.19094983682529706,0.0022019883544356507,-0.011838987592574726,-0.024826979431658257,-0.014446310923589998,1.5509392214590646e-19,0.0,0.0,0.0,0.0,0.0,0.009457946833044878,0.18184297752579603
3.572141647338867,-0.0015339808305725455,-0.04295146465301514,0.03221359848976135,0.8482913970947266,-0.2485048919916153,0.3471256393807826,-0.0010649714945313873,0.19048066841872685,0.34748577957935295,-0.0005330369428672618,0.19111250225594117,0.002200957654016567,-0.012152820322159683,-0.023929632389829182,-0.013657669937128357,-1.1392744307708113e-19,0.0,0.0,0.0,0.0,0.0,0.009251651142185955,0.1817680487204876
3.592128038406372,-0.003067961661145091,-0.04295146465301514,0.03374757990241051,0.849825382232666,-0.2485048919916153,0.34712686461589665,-0.0005324863737616654,0.19048066841872682,0.3471256393807826,-0.0010649714945313868,0.19048066841872682,0.004406002666531573,-0.012368708492886517,-0.026210362029070438,-0.015289819935059172,3.232752494600493e-20,0.0,0.0,0.0,0.0,0.0,0.010000689326626297,0.18186508195248288
3.6120896339416504,-0.0015339808305725455,-0.04295146465301514,0.03374757990241051,0.849825382232666,-0.2485048919916153,0.34712686461589665,-0.0005324863737616654,0.19048066841872682,0.34712686461589665,-0.0005324863737616658,0.19048066841872677,0.0022030039252064534,-0.012363437888593105,-0.026214653586497886,-0.015294934598293805,-3.81630984335111e-20,0.0,0.0,0.0,0.0,0.0,0.009957716727636642,0.18186508195248272
3.6321358680725098,-0.003067961661145091,-0.04448544234037399,0.03374757990241051,0.849825382232666,-0.2485048919916153,0.3469938377580978,-0.001064567130937437,0.19101305292377105,0.346993837758098,-0.0010645671309374375,0.19101305292377102,0.004407507335129488,-0.010358850553038396,-0.02580017602908216,-0.015700592413608928,-3.423605834164489e-19,0.0,0.0,0.0,0.0,0.0,0.009536012392601547,0.1818650819524828
3.6521260738372803,-0.003067961661145091,-0.04295146465301514,0.03374757990241051,0.849825382232666,-0.2485048919916153,0.3469938377580978,-0.001064567130937437,0.19101305292377105,0.3471256393807826,-0.0010649714945313868,0.19048066841872682,0.004406002666531573,-0.012368708492886517,-0.026210362029070438,-0.015289819935059172,3.232752494600493e-20,0.0,0.0,0.0,0.0,0.0,0.010000689326626297,0.18186508195248288
3.6721997261047363,-0.0015339808305725455,-0.04448544234037399,0.03374757990241051,0.849825382232666,-0.2485048919916153,0.3471256393807826,-0.0010649714945313873,0.19048066841872685,0.3469950625279972,-0.0005322841917268148,0.19101305292377105,0.002203756260390573,-0.010353575054202814,-0.025804464349211863,-0.01570570639337097,2.0069989616319322e-19,0.0,0.0,0.0,0.0,0.0,0.009490953240973684,0.1818650819524828
3.69209361076355,-0.0015339808305725455,-0.04448544234037399,0.03374757990241051,0.849825382232666,-0.2485048919916153,0.3473036911840965,-0.0010655177523515168,0.19094983682529715,0.3469950625279972,-0.0005322841917268148,0.19101305292377105,0.002203756260390573,-0.010353575054202814,-0.025804464349211863,-0.01570570639337097,2.0069989616319322e-19,0.0,0.0,0.0,0.0,0.0,0.009490953240973684,0.1818650819524828
3.712087869644165,-0.003067961661145091,-0.04448544234037399,0.03374757990241051,0.849825382232666,-0.2485048919916153,0.3469938377580978,-0.001064567130937437,0.19101305292377105,0.346993837758098,-0.0010645671309374375,0.19101305292377102,0.004407507335129488,-0.010358850553038396,-0.02580017602908216,-0.015700592413608928,-3.423605834164489e-19,0.0,0.0,0.0,0.0,0.0,0.009536012392601547,0.1818650819524828
3.732142210006714,-0.0015339808305725455,-0.04295146465301514,0.03374757990241051,0.849825382232666,-0.2485048919916153,0.3469938377580978,-0.001064567130937437,0.19101305292377105,0.34712686461589665,-0.0005324863737616658,0.19048066841872677,0.0022030039252064534,-0.012363437888593105,-0.026214653586497886,-0.015294934598293805,-3.81630984335111e-20,0.0,0.0,0.0,0.0,0.0,0.009957716727636642,0.18186508195248272
3.7521402835845947,-0.003067961661145091,-0.04295146465301514,0.03374757990241051,0.849825382232666,-0.2485048919916153,0.34699506252799706,-0.0005322841917268133,0.19101305292377102,0.3471256393807826,-0.0010649714945313868,0.19048066841872682,0.004406002666531573,-0.012368708492886517,-0.026210362029070438,-0.015289819935059172,3.232752494600493e-20,0.0,0.0,0.0,0.0,0.0,0.010000689326626297,0.18186508195248288
3.772084951400757,-0.0015339808305725455,-0.04448544234037399,0.03374757990241051,0.849825382232666,-0.2485048919916153,0.34712686461589665,-0.0005324863737616654,0.19048066841872682,0.3469950625279972,-0.0005322841917268148,0.19101305292377105,0.002203756260390573,-0.010353575054202814,-0.025804464349211863,-0.01570570639337097,2.0069989616319322e-19,0.0,0.0,0.0,0.0,0.0,0.009490953240973684,0.1818650819524828
3.7920846939086914,-0.0015339808305725455,-0.04295146465301514,0.03374757990241051,0.849825382232666,-0.2485048919916153,0.34712686461589665,-0.0005324863737616654,0.19048066841872682,0.34712686461589665,-0.0005324863737616658,0.19048066841872677,0.0022030039252064534,-0.012363437888593105,-0.026214653586497886,-0.015294934598293805,-3.81630984335111e-20,0.0,0.0,0.0,0.0,0.0,0.009957716727636642,0.18186508195248272
3.812084913253784,-0.0015339808305725455,-0.04448544234037399,0.03374757990241051,0.849825382232666,-0.2485048919916153,0.34699506252799706,-0.0005322841917268133,0.19101305292377102,0.3469950625279972,-0.0005322841917268148,0.19101305292377105,0.002203756260390573,-0.010353575054202814,-0.025804464349211863,-0.01570570639337097,2.0069989616319322e-19,0.0,0.0,0.0,0.0,0.0,0.009490953240973684,0.1818650819524828
3.8320846557617188,-0.0015339808305725455,-0.04295146465301514,0.03374757990241051,0.8482913970947266,-0.2485048919916153,0.34730797646013906,-0.0005327641960768373,0.1906430562180076,0.3473079764601389,-0.0005327641960768389,0.19064305621800756,0.0022019709119120994,-0.012675303595450204,-0.025317877009587993,-0.014507466207378571,1.7440678186346473e-19,0.0,0.0,0.0,0.0,0.0,0.009751062781417972,0.18179028665958435
3.8520827293395996,-0.003067961661145091,-0.04295146465301514,0.03221359848976135,0.849825382232666,-0.2485048919916153,0.34730797646013906,-0.0005327641960768373,0.1906430562180076,0.34730369118409654,-0.0010655177523515185,0.1909498368252971,0.004403971527379732,-0.011844260942588085,-0.02482268883433923,-0.01444119534721004,-1.5771824345252836e-19,0.0,0.0,0.0,0.0,0.0,0.009503202765386186,0.1818429775257961
3.872084617614746,-0.003067961661145091,-0.04295146465301514,0.03374757990241051,0.849825382232666,-0.2485048919916153,0.34712686461589665,-0.0005324863737616654,0.19048066841872682,0.3471256393807826,-0.0010649714945313868,0.19048066841872682,0.004406002666531573,-0.012368708492886517,-0.026210362029070438,-0.015289819935059172,3.232752494600493e-20,0.0,0.0,0.0,0.0,0.0,0.010000689326626297,0.18186508195248288
3.8920843601226807,-0.0015339808305725455,-0.04295146465301514,0.03374757990241051,0.849825382232666,-0.2485048919916153,0.34730491704767263,-0.00053275950299308,0.1909498368252971,0.34712686461589665,-0.0005324863737616658,0.19048066841872677,0.0022030039252064534,-0.012363437888593105,-0.026214653586497886,-0.015294934598293805,-3.81630984335111e-20,0.0,0.0,0.0,0.0,0.0,0.009957716727636642,0.18186508195248272
3.9120852947235107,-0.003067961661145091,-0.04295146465301514,0.03374757990241051,0.849825382232666,-0.2485048919916153,0.3471256393807826,-0.0010649714945313873,0.19048066841872685,0.3471256393807826,-0.0010649714945313868,0.19048066841872682,0.004406002666531573,-0.012368708492886517,-0.026210362029070438,-0.015289819935059172,3.232752494600493e-20,0.0,0.0,0.0,0.0,0.0,0.010000689326626297,0.18186508195248288
3.932084798812866,-0.0015339808305725455,-0.04448544234037399,0.03374757990241051,0.849825382232666,-0.2485048919916153,0.34699506252799706,-0.0005322841917268133,0.19101305292377102,0.3469950625279972,-0.0005322841917268148,0.19101305292377105,0.002203756260390573,-0.010353575054202814,-0.025804464349211863,-0.01570570639337097,2.0069989616319322e-19,0.0,0.0,0.0,0.0,0.0,0.009490953240973684,0.1818650819524828
3.9520833492279053,-0.003067961661145091,-0.04295146465301514,0.03374757990241051,0.8482913970947266,-0.2485048919916153,0.34699506252799706,-0.0005322841917268133,0.19101305292377102,0.3473067505857641,-0.0010655271385079882,0.19064305621800762,0.004403936642373638,-0.012680578347731557,-0.025313583042087907,-0.014502353234649608,6.575194872860349e-19,0.0,0.0,0.0,0.0,0.0,0.009794964901904705,0.18179028665958447
3.972198724746704,-0.003067961661145091,-0.04295146465301514,0.03374757990241051,0.849825382232666,-0.2485048919916153,0.34699506252799706,-0.0005322841917268133,0.19101305292377102,0.3471256393807826,-0.0010649714945313868,0.19048066841872682,0.004406002666531573,-0.012368708492886517,-0.026210362029070438,-0.015289819935059172,3.232752494600493e-20,0.0,0.0,0.0,0.0,0.0,0.010000689326626297,0.18186508195248288
3.9921045303344727,-0.0015339808305725455,-0.04448544234037399,0.03374757990241051,0.849825382232666,-0.2485048919916153,0.34717116966172795,-0.0010651111801260073,0.191482493907016,0.3469950625279972,-0.0005322841917268148,0.19101305292377105,0.002203756260390573,-0.010353575054202814,-0.025804464349211863,-0.01570570639337097,2.0069989616319322e-19,0.0,0.0,0.0,0.0,0.0,0.009490953240973684,0.1818650819524828
4.012130975723267,-0.0015339808305725455,-0.04295146465301514,0.03374757990241051,0.8482913970947266,-0.2485048919916153,0.34712686461589665,-0.0005324863737616654,0.19048066841872682,0.3473079764601389,-0.0005327641960768389,0.19064305621800756,0.0022019709119120994,-0.012675303595450204,-0.025317877009587993,-0.014507466207378571,1.7440678186346473e-19,0.0,0.0,0.0,0.0,0.0,0.009751062781417972,0.18179028665958435
4.032200574874878,-0.0015339808305725455,-0.04295146465301514,0.03374757990241051,0.849825382232666,-0.2485048919916153,0.34712686461589665,-0.0005324863737616654,0.19048066841872682,0.34712686461589665,-0.0005324863737616658,0.19048066841872677,0.0022030039252064534,-0.012363437888593105,-0.026214653586497886,-0.015294934598293805,-3.81630984335111e-20,0.0,0.0,0.0,0.0,0.0,0.009957716727636642,0.18186508195248272
4.05212664604187,-0.0015339808305725455,-0.04448544234037399,0.03374757990241051,0.8482913970947266,-0.2485048919916153,0.3471759250602834,-0.0005325616316019237,0.19117571835374136,0.3471759250602835,-0.0005325616316019248,0.19117571835374142,0.0022027240078794593,-0.01066677952847664,-0.024907735815661757,-0.01491665559895058,-9.57860255712956e-20,0.0,0.0,0.0,0.0,0.0,0.009280461611853441,0.18179028665958438
4.072125196456909,-0.0015339808305725455,-0.04295146465301514,0.03374757990241051,0.849825382232666,-0.2485048919916153,0.3471759250602834,-0.0005325616316019237,0.19117571835374136,0.34712686461589665,-0.0005324863737616658,0.19048066841872677,0.0022030039252064534,-0.012363437888593105,-0.026214653586497886,-0.015294934598293805,-3.81630984335111e-20,0.0,0.0,0.0,0.0,0.0,0.009957716727636642,0.18186508195248272
4.092133522033691,-0.0015339808305725455,-0.04448544234037399,0.03374757990241051,0.849825382232666,-0.2485048919916153,0.3471759250602834,-0.0005325616316019237,0.19117571835374136,0.3469950625279972,-0.0005322841917268148,0.19101305292377105,0.002203756260390573,-0.010353575054202814,-0.025804464349211863,-0.01570570639337097,2.0069989616319322e-19,0.0,0.0,0.0,0.0,0.0,0.009490953240973684,0.1818650819524828
4.112135171890259,-0.003067961661145091,-0.04295146465301514,0.03221359848976135,0.8482913970947266,-0.2485048919916153,0.34699506252799706,-0.0005322841917268133,0.19101305292377102,0.34748455307739595,-0.0010660726314470344,0.1911125022559412,0.004401910128966866,-0.012158097815642956,-0.023925339381684375,-0.01365255605174019,4.497589738085177e-19,0.0,0.0,0.0,0.0,0.0,0.009297935266854082,0.1817680487204877
4.132127285003662,-0.003067961661145091,-0.04448544234037399,0.03374757990241051,0.849825382232666,-0.2485048919916153,0.3473036911840965,-0.0010655177523515168,0.19094983682529715,0.346993837758098,-0.0010645671309374375,0.19101305292377102,0.004407507335129488,-0.010358850553038396,-0.02580017602908216,-0.015700592413608928,-3.423605834164489e-19,0.0,0.0,0.0,0.0,0.0,0.009536012392601547,0.1818650819524828
4.152130126953125,-0.003067961661145091,-0.04295146465301514,0.03374757990241051,0.849825382232666,-0.2485048919916153,0.3471256393807826,-0.0010649714945313873,0.19048066841872685,0.3471256393807826,-0.0010649714945313868,0.19048066841872682,0.004406002666531573,-0.012368708492886517,-0.026210362029070438,-0.015289819935059172,3.232752494600493e-20,0.0,0.0,0.0,0.0,0.0,0.010000689326626297,0.18186508195248288
4.172125339508057,-0.0015339808305725455,-0.04448544234037399,0.03374757990241051,0.849825382232666,-0.2485048919916153,0.34699506252799706,-0.0005322841917268133,0.19101305292377102,0.3469950625279972,-0.0005322841917268148,0.19101305292377105,0.002203756260390573,-0.010353575054202814,-0.025804464349211863,-0.01570570639337097,2.0069989616319322e-19,0.0,0.0,0.0,0.0,0.0,0.009490953240973684,0.1818650819524828
4.192089080810547,-0.0015339808305725455,-0.04295146465301514,0.03221359848976135,0.849825382232666,-0.2485048919916153,0.34730491704767263,-0.00053275950299308,0.1909498368252971,0.34730491704767275,-0.0005327595029930781,0.19094983682529706,0.0022019883544356507,-0.011838987592574726,-0.024826979431658257,-0.014446310923589998,1.5509392214590646e-19,0.0,0.0,0.0,0.0,0.0,0.009457946833044878,0.18184297752579603
4.212085485458374,-0.0015339808305725455,-0.04448544234037399,0.03374757990241051,0.8482913970947266,-0.2485048919916153,0.34730491704767263,-0.00053275950299308,0.1909498368252971,0.3471759250602835,-0.0005325616316019248,0.19117571835374142,0.0022027240078794593,-0.01066677952847664,-0.024907735815661757,-0.01491665559895058,-9.57860255712956e-20,0.0,0.0,0.0,0.0,0.0,0.009280461611853441,0.18179028665958438
4.232138633728027,-0.0015339808305725455,-0.04295146465301514,0.03374757990241051,0.849825382232666,-0.2485048919916153,0.34730491704767263,-0.00053275950299308,0.1909498368252971,0.34712686461589665,-0.0005324863737616658,0.19048066841872677,0.0022030039252064534,-0.012363437888593105,-0.026214653586497886,-0.015294934598293805,-3.81630984335111e-20,0.0,0.0,0.0,0.0,0.0,0.009957716727636642,0.18186508195248272
4.252082586288452,-0.0015339808305725455,-0.04448544234037399,0.03374757990241051,0.849825382232666,-0.2485048919916153,0.34699506252799706,-0.0005322841917268133,0.19101305292377102,0.3469950625279972,-0.0005322841917268148,0.19101305292377105,0.002203756260390573,-0.010353575054202814,-0.025804464349211863,-0.01570570639337097,2.0069989616319322e-19,0.0,0.0,0.0,0.0,0.0,0.009490953240973684,0.1818650819524828
4.2720818519592285,-0.003067961661145091,-0.04448544234037399,0.03374757990241051,0.849825382232666,-0.2485048919916153,0.34699506252799706,-0.0005322841917268133,0.19101305292377102,0.346993837758098,-0.0010645671309374375,0.19101305292377102,0.004407507335129488,-0.010358850553038396,-0.02580017602908216,-0.015700592413608928,-3.423605834164489e-19,0.0,0.0,0.0,0.0,0.0,0.009536012392601547,0.1818650819524828
4.29215669631958,-0.0015339808305725455,-0.04448544234037399,0.03374757990241051,0.849825382232666,-0.2485048919916153,0.34712686461589665,-0.0005324863737616654,0.19048066841872682,0.3469950625279972,-0.0005322841917268148,0.19101305292377105,0.002203756260390573,-0.010353575054202814,-0.025804464349211863,-0.01570570639337097,2.0069989616319322e-19,0.0,0.0,0.0,0.0,0.0,0.009490953240973684,0.1818650819524828
4.3121278285980225,-0.0015339808305725455,-0.04448544234037399,0.03374757990241051,0.849825382232666,-0.2485048919916153,0.34730491704767263,-0.00053275950299308,0.1909498368252971,0.3469950625279972,-0.0005322841917268148,0.19101305292377105,0.002203756260390573,-0.010353575054202814,-0.025804464349211863,-0.01570570639337097,2.0069989616319322e-19,0.0,0.0,0.0,0.0,0.0,0.009490953240973684,0.1818650819524828
4.3320841789245605,-0.0015339808305725455,-0.04448544234037399,0.03221359848976135,0.849825382232666,-0.2485048919916153,0.34717239505754827,-0.000532556216641149,0.191482493907016,0.3471723950575484,-0.0005325562166411486,0.19148249390701605,0.0022027441462962784,-0.009832645729935342,-0.024414707843114343,-0.014853969799688041,3.7625194516441033e-19,0.0,0.0,0.0,0.0,0.0,0.008990376848524134,0.18184297752579606
4.3520827293396,-0.003067961661145091,-0.04295146465301514,0.03374757990241051,0.849825382232666,-0.2485048919916153,0.34717239505754827,-0.000532556216641149,0.191482493907016,0.3471256393807826,-0.0010649714945313868,0.19048066841872682,0.004406002666531573,-0.012368708492886517,-0.026210362029070438,-0.015289819935059172,3.232752494600493e-20,0.0,0.0,0.0,0.0,0.0,0.010000689326626297,0.18186508195248288
4.372082948684692,-0.0015339808305725455,-0.04448544234037399,0.03221359848976135,0.849825382232666,-0.2485048919916153,0.3469938377580978,-0.001064567130937437,0.19101305292377105,0.3471723950575484,-0.0005325562166411486,0.19148249390701605,0.0022027441462962784,-0.009832645729935342,-0.024414707843114343,-0.014853969799688041,3.7625194516441033e-19,0.0,0.0,0.0,0.0,0.0,0.008990376848524134,0.18184297752579606
4.39208197593689,-0.003067961661145091,-0.04448544234037399,0.029145635664463043,0.849825382232666,-0.25003886222839355,0.34748224957547524,-0.000533031527904733,0.19141927780920276,0.34752367209727114,-0.0010661926474767782,0.19242218918631768,0.00440146450255265,-0.008807391429187166,-0.021627497256185475,-0.013136326221713375,-2.173258686595417e-19,0.0,0.0,-0.023980824276804924,0.0,0.0,0.008043145116888533,0.18179778494156024
4.412082195281982,-0.0015339808305725455,-0.04295146465301514,0.023009711876511574,0.8482913970947266,-0.2485048919916153,0.3481831431476337,-0.0010682158857237664,0.19329974484430024,0.3485374566387709,-0.0005346501965817416,0.19393485528977303,0.00219498223675062,-0.00909700764453188,-0.015576235547542163,-0.008495544239267787,3.514925666690361e-19,0.0,0.0,-0.07194247096776962,0.0,0.0,0.006261857893003842,0.1816277580933873
4.432082176208496,-0.0015339808305725455,-0.04295146465301514,0.015339808538556099,0.849825382232666,-0.2485048919916153,0.3492158885545908,-0.0005356908989517495,0.19612843434631533,0.3492158885545909,-0.0005356908989517491,0.1961284343463153,0.0021911436505558106,-0.006317983095479296,-0.009487567722174304,-0.0049123478278130465,1.5409388336874234e-20,0.0,0.0,-0.16786576807498932,0.0,0.0,0.003986328650378988,0.18157832155255635
